neighborhood,overall_qual,overall_cond,year_built,year_remod/add,gr_liv_area,total_bsmt_sf,garage_cars,saleprice,size_bin
NAmes,6,5,1960,1960,1656,1080.0,2.0,215000,Large
NAmes,5,6,1961,1961,896,882.0,1.0,105000,Small
NAmes,6,6,1958,1958,1329,1329.0,1.0,172000,Medium
NAmes,7,5,1968,1968,2110,2110.0,2.0,244000,XL
Gilbert,5,5,1997,1998,1629,928.0,2.0,189900,Large
Gilbert,6,6,1998,1998,1604,926.0,2.0,195500,Large
StoneBr,8,5,2001,2001,1338,1338.0,2.0,213500,Medium
StoneBr,8,5,1992,1992,1280,1280.0,2.0,191500,Medium
StoneBr,8,5,1995,1996,1616,1595.0,2.0,236500,Large
Gilbert,7,5,1999,1999,1804,994.0,2.0,189000,XL
Gilbert,6,5,1993,1994,1655,763.0,2.0,175900,Large
Gilbert,6,7,1992,2007,1187,1168.0,2.0,185000,Medium
Gilbert,6,5,1998,1998,1465,789.0,2.0,180400,Large
Gilbert,7,5,1990,1990,1341,1300.0,2.0,171500,Medium
StoneBr,8,5,1985,1985,1502,1488.0,2.0,212000,Large
StoneBr,8,5,2003,2003,3279,1650.0,3.0,538000,XL
Gilbert,8,7,1988,2005,1752,559.0,2.0,164000,XL
StoneBr,9,2,2010,2010,1856,1856.0,3.0,394432,XL
Gilbert,4,5,1951,1951,864,864.0,2.0,141000,Small
NWAmes,6,6,1978,1988,2073,1542.0,2.0,210000,XL
NWAmes,6,6,1977,1977,1844,1844.0,2.0,190000,XL
NWAmes,7,6,1974,1974,1173,1053.0,2.0,170000,Medium
Somerst,7,5,2000,2000,1674,814.0,2.0,216000,Large
NAmes,6,7,1970,1970,1004,1004.0,2.0,149000,Small
NAmes,5,6,1971,2008,1078,1078.0,2.0,149900,Small
NAmes,5,6,1968,1968,1056,1056.0,1.0,142000,Small
NAmes,4,5,1970,1970,882,882.0,2.0,126000,Small
NAmes,4,5,1971,1971,864,864.0,0.0,115000,Small
NAmes,7,5,1999,1999,1337,1405.0,2.0,184000,Medium
BrDale,6,5,1971,1971,987,483.0,1.0,96000,Small
BrDale,5,5,1971,1971,1092,525.0,1.0,105500,Small
BrDale,6,5,1971,1971,1092,525.0,1.0,88000,Small
NPkVill,6,5,1977,1977,1069,1069.0,2.0,127500,Small
NPkVill,6,6,1975,1975,1456,855.0,2.0,149900,Large
NPkVill,7,6,1975,1975,836,836.0,1.0,120000,Small
NPkVill,6,5,1978,1978,1456,855.0,2.0,146000,Large
NridgHt,9,5,2009,2010,2334,1590.0,3.0,376162,XL
NridgHt,8,5,2007,2008,1704,1704.0,3.0,306000,Large
NridgHt,9,5,2009,2010,1940,1930.0,3.0,395192,XL
NridgHt,8,5,2009,2010,1544,1544.0,3.0,290941,Large
NridgHt,7,5,2005,2005,1541,1541.0,2.0,220000,Large
NridgHt,9,5,2005,2005,1698,1698.0,3.0,275000,Large
NridgHt,8,5,2005,2006,1822,1822.0,3.0,259000,XL
NridgHt,7,5,2004,2004,1535,1517.0,2.0,214000,Large
NridgHt,9,5,2009,2010,2364,2330.0,3.0,611657,XL
NridgHt,7,5,2009,2010,1358,1358.0,2.0,224000,Medium
NridgHt,9,5,2003,2004,2696,2846.0,3.0,500000,XL
NridgHt,8,5,2002,2002,2250,1671.0,3.0,320000,XL
NridgHt,9,5,2005,2005,1752,1752.0,2.0,319900,XL
NridgHt,8,5,2006,2006,1370,1370.0,2.0,205000,Medium
NridgHt,7,5,2003,2003,1626,764.0,2.0,175500,Large
Gilbert,6,5,2005,2005,1324,1324.0,2.0,199500,Medium
Blmngtn,7,5,2006,2006,1145,1145.0,2.0,160000,Medium
Blmngtn,8,5,2004,2005,1269,1256.0,2.0,192000,Medium
Gilbert,7,5,2004,2004,1374,384.0,2.0,184500,Medium
Gilbert,6,5,2002,2002,1960,860.0,2.0,216500,XL
Gilbert,7,5,2004,2004,1733,847.0,2.0,185088,Large
Gilbert,7,5,2000,2000,1430,384.0,2.0,180000,Medium
Gilbert,7,5,2001,2001,2035,884.0,2.0,222500,XL
NoRidge,9,5,1999,1999,2599,1393.0,3.0,333168,XL
NoRidge,8,5,1998,1998,2475,1629.0,3.0,355000,XL
NoRidge,7,5,1996,1996,1720,1720.0,2.0,260400,Large
NoRidge,8,5,1994,1995,2622,1463.0,2.0,325000,XL
NoRidge,8,7,1999,2007,2270,1152.0,3.0,290000,XL
NoRidge,7,5,1998,1998,1839,1195.0,2.0,221000,XL
NoRidge,8,5,1995,1996,3238,2033.0,3.0,410000,XL
Somerst,8,5,2005,2006,1595,1595.0,3.0,221500,Large
Somerst,7,5,2009,2010,1218,1218.0,2.0,204500,Medium
Somerst,7,5,2009,2009,1547,756.0,2.0,215200,Large
Somerst,8,5,2008,2008,1566,1566.0,2.0,262500,Large
Somerst,7,5,2004,2005,1947,991.0,2.0,254900,XL
Somerst,6,5,2005,2005,1468,1468.0,2.0,271500,Large
SawyerW,7,5,2004,2004,2084,956.0,2.0,233000,XL
SawyerW,7,5,2004,2004,1659,831.0,2.0,181000,Large
SawyerW,7,5,1994,2002,2110,948.0,2.0,205000,XL
SawyerW,6,5,1980,1980,923,923.0,1.0,143000,Small
SawyerW,6,5,1992,1992,1845,1055.0,2.0,189000,XL
SawyerW,6,5,1979,1979,918,918.0,1.0,99500,Small
SawyerW,6,5,1984,1984,752,744.0,1.0,125000,Small
SawyerW,7,7,1993,2003,1744,996.0,2.0,194500,XL
SawyerW,6,5,1984,1985,1097,1040.0,2.0,152000,Small
SawyerW,6,6,1980,1981,1564,650.0,2.0,171000,Large
SawyerW,5,5,1920,1950,1012,816.0,1.0,67500,Small
Sawyer,6,5,1978,1978,1902,0.0,2.0,112000,XL
Sawyer,5,7,1961,1995,1155,1109.0,2.0,148000,Medium
Sawyer,5,8,1965,2009,894,894.0,1.0,138500,Small
Sawyer,5,5,1967,1967,900,882.0,1.0,122000,Small
Sawyer,5,5,1963,1963,1040,1040.0,1.0,133000,Small
Sawyer,5,8,1962,2010,1040,1040.0,1.0,127000,Small
Sawyer,6,6,1974,2002,1494,1208.0,2.0,169000,Large
NoRidge,7,5,1992,1992,1923,750.0,2.0,190000,XL
NoRidge,8,5,1993,1993,2349,1231.0,3.0,362500,XL
NoRidge,8,5,1992,1993,2225,1390.0,3.0,285000,XL
Somerst,7,5,2004,2005,1488,1488.0,2.0,260000,Large
Somerst,7,5,2004,2004,1680,840.0,2.0,190000,Large
Somerst,7,5,2004,2004,1200,600.0,2.0,155000,Medium
Somerst,7,5,2004,2005,1200,600.0,2.0,151000,Medium
Somerst,7,5,2004,2005,1200,600.0,2.0,149500,Medium
Somerst,6,5,2005,2005,1236,600.0,2.0,152000,Medium
Somerst,7,5,2009,2009,1478,1470.0,2.0,222000,Large
Somerst,6,5,2000,2000,1573,756.0,2.0,177500,Large
Somerst,6,5,2000,2000,1512,756.0,2.0,177000,Large
Somerst,7,5,1999,1999,1416,696.0,2.0,155000,Medium
Somerst,7,5,2003,2003,1080,530.0,2.0,147110,Small
Somerst,8,5,2010,2010,1418,1642.0,3.0,267916,Medium
Somerst,8,5,2000,2000,1848,975.0,2.0,254000,XL
Greens,8,5,1980,1980,788,728.0,2.0,155000,Small
Greens,8,6,1978,1978,1226,1226.0,2.0,206000,Medium
Sawyer,6,8,1976,2005,1479,725.0,2.0,130500,Large
Somerst,7,5,2002,2002,1492,1492.0,2.0,230000,Large
NWAmes,6,6,1967,1967,1829,1829.0,2.0,218500,XL
NWAmes,6,5,1993,1993,2495,1280.0,2.0,243500,XL
NWAmes,6,7,1977,2001,1610,1610.0,2.0,205000,Large
NWAmes,6,5,1978,1978,1891,1224.0,2.0,212500,XL
NWAmes,7,5,1988,1988,1714,980.0,2.0,196500,Large
NWAmes,6,7,1972,2006,1381,1161.0,2.0,197500,Medium
NWAmes,6,6,1971,1971,1645,715.0,2.0,171000,Large
NAmes,5,5,1966,1966,1232,1232.0,2.0,142250,Medium
NWAmes,6,5,1963,1963,1328,1328.0,2.0,143000,Medium
NAmes,4,5,1959,1959,1225,950.0,0.0,128950,Medium
NAmes,5,5,1966,1966,1209,1209.0,2.0,159000,Medium
NAmes,5,6,1967,1967,1510,1510.0,2.0,178900,Large
NAmes,6,5,1964,1964,1775,533.0,2.0,136300,XL
NAmes,5,7,1964,1964,1152,1152.0,2.0,180500,Medium
NAmes,6,7,1963,1963,1054,936.0,2.0,137500,Small
NAmes,5,6,1962,2001,1728,1728.0,0.0,84900,Large
NAmes,5,6,1950,1996,1078,1078.0,1.0,142125,Small
NAmes,5,7,1952,2002,2461,1140.0,2.0,197600,XL
NAmes,6,6,1949,1950,1556,782.0,2.0,172500,Large
BrkSide,5,7,1958,2008,858,858.0,0.0,116500,Small
BrkSide,3,2,1940,1966,1306,728.0,0.0,76500,Medium
NAmes,5,5,1954,1954,1063,1056.0,1.0,128000,Small
NAmes,6,6,1955,1972,1520,1156.0,1.0,153000,Large
NAmes,5,6,1954,1954,1268,1268.0,1.0,132000,Medium
NAmes,6,8,1966,2008,1128,1080.0,1.0,178000,Medium
NAmes,5,5,1960,1960,2274,1105.0,2.0,154300,XL
NAmes,7,5,1970,1989,2207,1947.0,2.0,180000,XL
NAmes,6,6,1966,2002,1888,1517.0,2.0,190000,XL
NAmes,5,5,1958,1958,1604,1604.0,2.0,135000,Large
NAmes,7,5,2003,2009,1480,1480.0,2.0,214000,Large
NAmes,5,5,1959,1959,1143,1143.0,1.0,136000,Medium
NAmes,5,5,1959,1959,1700,1398.0,2.0,165500,Large
NAmes,5,6,1957,1957,1314,1314.0,1.0,145000,Medium
NAmes,6,6,1959,1959,1194,1194.0,1.0,148000,Medium
NAmes,5,5,1959,1959,1188,1188.0,2.0,142000,Medium
NAmes,5,5,1960,1960,1264,1268.0,2.0,167500,Medium
NAmes,5,5,1959,1959,1206,1206.0,1.0,108538,Medium
NAmes,6,5,1959,1959,1580,1244.0,2.0,159500,Large
NAmes,4,5,1956,1956,1337,832.0,1.0,108000,Medium
NAmes,5,7,1952,1952,1064,864.0,1.0,135000,Small
NAmes,5,6,1955,1955,972,972.0,1.0,122500,Small
NAmes,5,5,1958,1958,988,988.0,1.0,119000,Small
NAmes,5,7,1953,2007,1057,1057.0,1.0,109000,Small
NAmes,4,7,1920,1994,985,576.0,2.0,105000,Small
NAmes,5,7,1955,2007,827,0.0,1.0,107500,Small
NAmes,5,7,1954,2003,1086,1086.0,2.0,144900,Small
NAmes,5,7,1956,2000,936,936.0,1.0,129000,Small
NAmes,6,5,1948,1950,1458,912.0,1.0,97500,Large
OldTown,6,5,1980,1980,1056,1056.0,2.0,144000,Small
NAmes,5,7,1959,2006,1287,1063.0,2.0,162000,Medium
NAmes,7,7,1967,2007,2978,710.0,2.0,242000,XL
NAmes,6,8,1948,2004,1224,816.0,1.0,132000,Medium
NAmes,5,7,1959,1994,1246,1246.0,1.0,154000,Medium
NAmes,5,4,1952,1952,1385,910.0,2.0,166000,Medium
NAmes,5,7,1951,2000,900,900.0,2.0,134800,Small
NAmes,6,6,1962,1962,1116,1116.0,2.0,160000,Small
NAmes,5,6,1960,1960,1175,1175.0,2.0,148000,Medium
NAmes,6,7,1963,1984,1395,1395.0,2.0,192000,Medium
NAmes,6,5,1966,1966,1839,756.0,2.0,155000,XL
OldTown,4,5,1900,1954,1844,709.0,1.0,80400,XL
OldTown,4,7,1910,2004,1140,576.0,0.0,96500,Medium
OldTown,5,7,1920,1950,936,936.0,0.0,109500,Small
OldTown,5,6,1927,1950,1028,1008.0,2.0,115000,Small
OldTown,5,7,1957,1957,1347,1347.0,2.0,143000,Medium
OldTown,3,6,1915,1950,1605,840.0,1.0,107400,Large
OldTown,4,6,1945,1950,747,747.0,1.0,80000,Small
OldTown,5,7,1940,1992,804,788.0,1.0,119000,Small
OldTown,5,7,1929,2001,1316,926.0,2.0,130000,Medium
OldTown,6,7,1938,2000,1251,827.0,1.0,119000,Medium
OldTown,5,7,1948,2009,1633,1027.0,1.0,129000,Large
OldTown,5,6,1920,1962,1245,1008.0,1.0,100000,Medium
OldTown,2,2,1923,1970,832,678.0,2.0,12789,Small
OldTown,6,8,1928,2003,720,624.0,2.0,105900,Small
OldTown,8,9,1900,2003,1566,930.0,1.0,150000,Large
OldTown,5,6,1915,1950,1652,686.0,1.0,139000,Large
OldTown,8,9,1890,2002,2268,346.0,2.0,240000,XL
OldTown,5,3,1910,1950,2256,840.0,0.0,76500,XL
OldTown,6,7,1957,1996,1236,912.0,2.0,149700,Medium
OldTown,4,7,1910,1950,1363,622.0,2.0,125500,Medium
OldTown,4,6,1885,1950,2290,777.0,2.0,122500,XL
OldTown,6,7,1922,1994,1470,738.0,2.0,140750,Large
BrkSide,5,6,1950,1997,1612,988.0,1.0,128500,Large
BrkSide,7,7,1922,2005,2068,1108.0,1.0,209500,XL
BrkSide,4,7,1925,1950,765,765.0,1.0,87000,Small
BrkSide,6,7,1939,1950,1132,608.0,1.0,134000,Medium
BrkSide,6,6,1940,1950,1196,572.0,2.0,128000,Medium
BrkSide,5,6,1942,1950,1453,835.0,1.0,132000,Large
BrkSide,6,7,1948,1950,1416,780.0,1.0,139900,Medium
BrkSide,5,7,1936,1980,1040,528.0,2.0,123900,Small
BrkSide,5,5,1930,1950,1536,928.0,2.0,138400,Large
OldTown,6,5,1923,1950,1068,1124.0,1.0,109500,Small
OldTown,7,6,1921,1950,1710,576.0,2.0,140000,Large
OldTown,4,5,1915,1950,1962,888.0,2.0,149500,XL
OldTown,6,8,1912,2009,1560,780.0,0.0,159900,Large
OldTown,6,8,1920,1993,1324,662.0,1.0,122000,Medium
IDOTRR,5,5,1963,1963,816,816.0,2.0,110000,Small
IDOTRR,4,5,1930,1950,1092,0.0,0.0,55000,Small
OldTown,5,9,1900,1996,1812,360.0,2.0,140000,XL
ClearCr,7,7,1940,1950,2403,1032.0,1.0,244400,XL
ClearCr,5,5,1959,1959,1675,1422.0,1.0,173000,Large
ClearCr,5,3,1917,1950,1224,689.0,1.0,107500,Medium
SWISU,5,4,1915,1950,1392,1212.0,0.0,100000,Medium
SWISU,6,5,1940,1950,919,600.0,1.0,95000,Small
SWISU,4,1,1907,1950,1884,707.0,0.0,93369,XL
SWISU,5,7,1910,1950,1680,856.0,2.0,114900,Large
Sawyer,5,8,1875,1996,1020,780.0,0.0,94000,Small
Sawyer,4,3,1967,1967,1832,1832.0,0.0,136000,XL
Sawyer,4,5,1968,1968,1768,1768.0,0.0,136500,XL
Sawyer,5,4,1965,1965,1039,1039.0,2.0,131500,Small
Sawyer,5,6,1957,1996,1392,1392.0,2.0,121500,Medium
Sawyer,5,5,1967,1967,912,912.0,1.0,125000,Small
Sawyer,5,8,1968,2001,1060,1060.0,1.0,154000,Small
Sawyer,5,7,1966,2008,892,864.0,1.0,137900,Small
Sawyer,6,7,1969,1969,1352,663.0,1.0,158000,Medium
Sawyer,5,5,1968,1968,864,864.0,1.0,137250,Small
Sawyer,5,5,1978,1978,1373,1319.0,2.0,160250,Medium
Sawyer,5,5,1968,1968,1440,720.0,2.0,163000,Medium
Sawyer,6,5,1978,1978,1386,672.0,2.0,158900,Medium
ClearCr,7,5,1996,1997,2260,1306.0,2.0,328000,XL
ClearCr,7,7,1977,2001,1483,1420.0,2.0,270000,Large
Sawyer,4,4,1927,1950,756,660.0,2.0,85000,Small
Sawyer,4,7,1950,1995,1067,1067.0,2.0,128000,Small
ClearCr,7,6,1979,1979,1524,1332.0,2.0,260000,Large
ClearCr,6,5,1978,1992,1981,1117.0,2.0,230000,XL
Edwards,3,4,1938,1990,1610,972.0,1.0,124000,Large
Edwards,5,5,1920,1950,835,458.0,1.0,83000,Small
Edwards,6,7,1950,1987,1074,663.0,1.0,144500,Small
Edwards,5,6,1956,1956,1144,1144.0,1.0,129000,Medium
Edwards,4,6,1947,1979,1531,756.0,1.0,127000,Large
Edwards,5,7,1954,1998,1172,1172.0,1.0,128000,Medium
Edwards,6,5,2009,2009,1212,1212.0,2.0,186000,Medium
Edwards,7,5,2009,2010,1508,1508.0,2.0,308030,Large
Edwards,5,3,1964,1964,1298,1250.0,2.0,114000,Medium
Edwards,4,7,1946,2006,930,0.0,1.0,84900,Small
SawyerW,6,5,1985,1985,1732,741.0,2.0,178000,Large
SawyerW,7,5,1987,1987,1433,1433.0,2.0,270000,Medium
SawyerW,6,7,1993,1993,1802,946.0,4.0,218000,XL
SawyerW,7,5,1993,1994,1949,1050.0,2.0,236000,XL
SawyerW,6,6,1992,1992,996,936.0,2.0,147000,Small
CollgCr,8,5,2008,2008,1694,1694.0,3.0,245350,Large
CollgCr,7,5,2006,2006,1208,1187.0,2.0,206000,Medium
CollgCr,7,5,2009,2009,1226,1226.0,3.0,198900,Medium
CollgCr,7,5,2010,2010,1222,1222.0,2.0,187000,Medium
SawyerW,7,5,1990,1990,3222,1673.0,3.0,320000,XL
SawyerW,6,8,1900,1993,1445,676.0,2.0,138500,Large
ClearCr,6,7,1971,1971,1052,1010.0,2.0,155000,Small
CollgCr,5,5,1996,1996,965,870.0,2.0,159000,Small
CollgCr,7,5,1997,1998,1692,878.0,2.0,191000,Large
CollgCr,6,5,1998,1998,1682,804.0,2.0,200500,Large
CollgCr,5,8,1977,2004,1026,1026.0,1.0,150000,Small
CollgCr,6,7,1977,1977,1392,689.0,1.0,161750,Medium
CollgCr,5,6,1976,1976,894,894.0,1.0,128200,Small
CollgCr,5,6,1972,1972,876,876.0,2.0,127000,Small
CollgCr,8,5,2003,2003,1978,1978.0,3.0,318000,XL
CollgCr,8,5,2001,2002,1601,1581.0,2.0,272000,Large
CollgCr,7,6,2003,2003,1829,941.0,2.0,237000,XL
CollgCr,7,5,1997,1997,2098,1040.0,2.0,240000,XL
CollgCr,7,5,1998,1998,1661,1649.0,2.0,224900,Large
CollgCr,6,5,2003,2003,848,848.0,2.0,143750,Small
CollgCr,6,5,2004,2004,848,848.0,2.0,143000,Small
CollgCr,8,5,2003,2003,1668,1657.0,2.0,232000,Large
CollgCr,7,5,2004,2005,1484,1473.0,2.0,213000,Large
CollgCr,7,5,2004,2004,1414,1414.0,2.0,185500,Medium
Edwards,3,6,1945,2007,640,0.0,1.0,84900,Small
Edwards,5,6,1954,1954,992,381.0,1.0,155891,Small
Edwards,5,5,1965,1965,1664,0.0,0.0,100000,Large
Edwards,5,6,1968,1968,1196,1196.0,1.0,144000,Medium
Edwards,4,5,1948,1950,1120,744.0,2.0,64000,Small
Edwards,6,6,1975,1975,1096,1008.0,1.0,125200,Small
Edwards,6,5,1976,1976,1117,1029.0,2.0,107000,Small
Edwards,4,5,1958,1958,960,960.0,0.0,90000,Small
Edwards,4,5,2003,2004,1121,1121.0,2.0,140000,Small
Edwards,6,4,1945,1950,1487,735.0,1.0,113000,Large
Edwards,4,4,1941,1950,924,672.0,1.0,80000,Small
Edwards,5,6,1957,2002,1526,1216.0,1.0,144500,Large
SWISU,5,6,1924,1999,1296,1107.0,1.0,104000,Medium
SWISU,6,4,1915,1950,1647,806.0,1.0,128000,Large
Edwards,3,3,1914,1950,864,864.0,1.0,58500,Small
SWISU,5,6,1924,1950,1691,1026.0,1.0,127000,Large
SWISU,6,6,1939,1950,856,856.0,2.0,126000,Small
SWISU,4,6,1967,1967,2650,0.0,0.0,160000,XL
SWISU,5,2,1931,1950,1666,894.0,0.0,100000,Large
SWISU,6,7,1919,1990,2447,804.0,1.0,169000,XL
Crawfor,7,6,1941,1985,2133,1528.0,1.0,257500,XL
Crawfor,5,6,1950,1991,2177,1032.0,2.0,215000,XL
Crawfor,7,9,1941,2006,2340,1152.0,1.0,266500,XL
Crawfor,7,8,1959,2002,1902,1902.0,2.0,335000,XL
Crawfor,7,6,1994,2007,1652,423.0,2.0,203135,Large
Blueste,8,6,1989,1989,1034,982.0,2.0,185000,Small
Blueste,8,5,1989,1989,1191,1191.0,2.0,162500,Medium
Crawfor,7,8,1959,1997,1801,1501.0,2.0,289000,XL
IDOTRR,4,8,1922,2007,1154,796.0,1.0,125500,Medium
IDOTRR,2,5,1941,1950,540,480.0,1.0,82000,Small
IDOTRR,6,5,1921,1975,1107,629.0,1.0,110000,Small
IDOTRR,4,4,1920,1950,1128,698.0,2.0,68400,Medium
IDOTRR,4,7,1900,1950,1178,859.0,1.0,102776,Medium
IDOTRR,5,5,1952,1952,1044,540.0,2.0,55993,Small
IDOTRR,4,7,1896,1950,952,756.0,1.0,50138,Small
Crawfor,8,5,2004,2005,1646,1594.0,2.0,246000,Large
Mitchel,8,5,1998,1999,1916,1049.0,3.0,254900,XL
Mitchel,6,7,1977,1977,1285,1243.0,2.0,190000,Medium
Mitchel,7,5,2003,2003,1560,1560.0,2.0,201000,Large
Mitchel,6,5,1976,1976,1034,1012.0,3.0,169900,Small
Mitchel,6,5,1976,1976,2048,1958.0,2.0,170000,XL
Timber,5,5,1948,1950,1687,747.0,2.0,160000,Large
Timber,7,5,2008,2008,1346,1336.0,3.0,220000,Medium
Timber,7,5,2009,2010,1214,1214.0,2.0,179781,Medium
Timber,5,5,2006,2007,1444,384.0,2.0,174000,Large
Timber,8,5,2009,2010,1968,774.0,3.0,269500,XL
Timber,7,5,2002,2003,1894,817.0,2.0,214900,XL
Timber,8,5,2002,2002,1908,967.0,2.0,202900,XL
Timber,9,5,2008,2009,2018,2002.0,3.0,378500,XL
Mitchel,5,5,1965,1977,1264,1068.0,2.0,169000,Medium
Mitchel,5,5,2004,2005,1430,1430.0,2.0,173500,Medium
Mitchel,6,5,1971,1971,1824,912.0,0.0,139000,XL
Mitchel,5,5,1999,1999,1344,1344.0,2.0,166500,Medium
MeadowV,4,5,1973,1973,1092,546.0,1.0,83500,Small
MeadowV,5,6,1973,1973,945,945.0,1.0,119500,Small
MeadowV,5,3,1976,1976,1112,536.0,1.0,85000,Small
MeadowV,4,7,1970,1970,1092,546.0,0.0,76000,Small
MeadowV,4,6,1972,1972,630,630.0,0.0,75500,Small
MeadowV,4,4,1970,1970,1092,546.0,0.0,88250,Small
MeadowV,4,6,1972,1972,1092,546.0,1.0,85500,Small
Mitchel,5,7,1971,2004,874,864.0,1.0,130000,Small
Mitchel,5,7,1962,1962,1188,1188.0,1.0,157900,Medium
Mitchel,5,7,1984,1984,833,833.0,2.0,149900,Small
Mitchel,5,2,1985,1986,2432,1216.0,2.0,159000,XL
Mitchel,5,5,1991,1991,1274,624.0,2.0,136000,Medium
Mitchel,5,5,1969,1969,1479,864.0,1.0,161000,Large
Mitchel,8,5,1994,1995,1803,1679.0,2.0,285000,XL
Mitchel,6,5,1993,1994,1797,1152.0,2.0,231000,XL
NAmes,6,5,1956,1956,882,882.0,1.0,124500,Small
NAmes,6,5,1974,1974,1434,1434.0,2.0,157000,Medium
NAmes,8,7,1972,1995,2704,1952.0,2.0,345000,XL
Gilbert,6,5,1997,1997,1608,945.0,2.0,189500,Large
Gilbert,8,5,2003,2003,2283,1008.0,3.0,270000,XL
Gilbert,7,5,1996,1997,1628,384.0,2.0,189000,Large
Gilbert,9,5,2006,2007,1746,1746.0,3.0,377500,XL
Gilbert,7,5,1995,1996,1474,384.0,2.0,168500,Large
StoneBr,8,5,2004,2005,2522,2208.0,2.0,375000,XL
StoneBr,8,5,2000,2000,1659,1501.0,2.0,278000,Large
StoneBr,8,5,1998,1998,1478,1418.0,2.0,240000,Large
StoneBr,8,5,1995,1996,1734,1587.0,2.0,239500,Large
Gilbert,7,5,1998,1998,1382,384.0,2.0,177500,Medium
Gilbert,7,5,1998,1998,1718,832.0,2.0,185000,Large
Gilbert,6,5,1998,1999,1636,952.0,2.0,191000,Large
Gilbert,6,7,1993,1994,1571,799.0,2.0,178000,Large
Gilbert,6,8,1993,1993,1470,680.0,2.0,185000,Large
Gilbert,6,5,1994,1995,1516,707.0,2.0,181316,Large
Gilbert,6,5,1993,1993,1190,1181.0,2.0,166000,Medium
Gilbert,6,5,1992,1993,1593,808.0,2.0,178000,Large
Gilbert,6,5,1994,1995,1481,702.0,2.0,174000,Large
Gilbert,6,6,1992,1992,1167,1158.0,2.0,173000,Medium
Gilbert,7,5,1999,1999,1983,978.0,2.0,225000,XL
Gilbert,7,5,1990,1990,1442,1424.0,2.0,180500,Medium
StoneBr,8,5,1984,1984,1360,1220.0,2.0,187500,Medium
StoneBr,9,5,2008,2009,2234,2216.0,3.0,501837,XL
StoneBr,8,5,2008,2008,2046,2046.0,3.0,372500,XL
StoneBr,7,5,2005,2005,1530,1530.0,2.0,260000,Large
Gilbert,5,6,1977,1977,1934,1122.0,2.0,185000,XL
NWAmes,7,7,1980,1980,2353,845.0,2.0,260000,XL
NWAmes,6,5,1979,1998,1586,1362.0,2.0,181000,Large
NWAmes,7,5,1977,1977,1411,1386.0,2.0,82500,Medium
NWAmes,6,7,1977,2000,1602,1602.0,2.0,215000,Large
NWAmes,7,6,1978,1978,2050,832.0,2.0,154000,XL
NWAmes,6,6,1978,1986,1671,1427.0,2.0,200000,Large
NWAmes,7,7,1980,1991,2673,1043.0,2.0,249000,XL
NWAmes,7,5,1980,1980,1472,1372.0,2.0,187500,Large
NWAmes,6,5,1978,1998,1707,1140.0,2.0,184000,Large
NWAmes,8,5,1981,1981,2524,2524.0,2.0,278000,XL
NWAmes,7,5,1978,1978,1601,1271.0,2.0,157000,Large
NWAmes,7,5,1976,1976,1370,1090.0,2.0,152000,Medium
NWAmes,5,7,1976,1976,1868,780.0,2.0,197500,XL
Somerst,7,5,2003,2003,1884,926.0,2.0,240900,XL
Somerst,8,5,2009,2009,1935,832.0,2.0,263435,XL
Somerst,8,5,2000,2001,1874,1058.0,2.0,220000,XL
Somerst,8,5,2002,2002,1811,972.0,2.0,235000,XL
NWAmes,5,7,1975,1975,1621,1621.0,2.0,213000,Large
NWAmes,6,6,1974,1974,1116,1116.0,2.0,167900,Small
NWAmes,7,5,1975,1975,1193,1176.0,2.0,158000,Medium
NWAmes,6,5,1974,1974,1350,1064.0,2.0,165000,Medium
NWAmes,6,6,1972,1972,2119,689.0,2.0,158000,XL
NAmes,5,5,1974,1974,1792,896.0,0.0,136000,XL
NAmes,5,6,1970,1970,1002,1002.0,2.0,148500,Small
NAmes,6,8,1969,2005,1026,1026.0,2.0,156000,Small
NAmes,5,5,1970,1970,1180,1180.0,2.0,128000,Medium
NAmes,5,7,1971,1971,1050,1043.0,1.0,143000,Small
NAmes,4,6,1970,1970,864,864.0,2.0,76500,Small
NAmes,4,6,1970,1970,864,864.0,2.0,120500,Small
NAmes,4,7,1970,1970,864,864.0,2.0,124500,Small
NAmes,4,6,1971,1971,864,864.0,2.0,97000,Small
NAmes,4,7,1971,2006,864,864.0,2.0,130000,Small
BrDale,6,5,1973,1973,987,483.0,1.0,111000,Small
BrDale,5,6,1970,1970,1365,765.0,2.0,125000,Medium
BrDale,5,5,1971,1971,1302,630.0,1.0,112000,Medium
BrDale,6,6,1972,1972,987,483.0,1.0,97000,Small
BrDale,6,8,1972,2007,987,483.0,1.0,118000,Small
BrDale,5,7,1972,1972,1302,630.0,1.0,119500,Medium
NPkVill,6,6,1976,1976,958,958.0,2.0,143750,Small
NPkVill,6,5,1976,1976,1548,804.0,2.0,146000,Large
NPkVill,6,6,1976,1976,1456,855.0,2.0,148500,Large
NPkVill,7,5,1975,1975,1055,1057.0,2.0,123000,Small
NPkVill,6,5,1974,1974,1322,855.0,2.0,147000,Medium
NPkVill,6,5,1977,1977,1456,855.0,2.0,137900,Large
NPkVill,6,5,1978,1978,1548,804.0,2.0,147000,Large
NPkVill,6,6,1978,1978,1441,855.0,2.0,148500,Medium
NPkVill,6,5,1978,1978,1456,855.0,2.0,138000,Large
NPkVill,7,6,1976,1976,836,836.0,1.0,128500,Small
NAmes,5,5,1967,1967,892,892.0,1.0,100000,Small
NAmes,5,7,1966,2004,1120,864.0,2.0,148800,Small
NridgHt,10,5,2006,2007,1718,1700.0,3.0,337500,Large
NridgHt,9,5,2007,2007,2772,1776.0,3.0,462000,XL
NridgHt,9,5,2008,2009,3140,1926.0,3.0,485000,XL
NridgHt,10,5,2008,2008,2402,3094.0,3.0,555000,XL
NridgHt,9,5,2006,2007,1652,1652.0,2.0,325000,Large
NridgHt,8,5,2007,2007,1600,1566.0,3.0,256300,Large
NridgHt,8,5,2008,2009,2042,2042.0,3.0,253293,XL
NridgHt,9,5,2009,2009,2690,1365.0,3.0,398800,XL
NridgHt,9,5,2008,2008,2184,1104.0,3.0,335000,XL
NridgHt,9,5,2008,2008,2020,2020.0,3.0,404000,XL
NridgHt,10,5,2009,2009,2020,2006.0,3.0,402861,XL
NridgHt,10,5,2008,2008,2296,1722.0,3.0,451950,XL
NridgHt,10,5,2007,2007,2674,2630.0,3.0,610000,XL
NridgHt,9,5,2008,2009,2822,1734.0,3.0,582933,XL
NridgHt,9,5,2008,2008,1736,1736.0,3.0,360000,Large
NridgHt,8,5,2004,2005,1782,1782.0,3.0,296000,XL
NridgHt,8,5,2007,2007,2520,1508.0,3.0,409900,XL
NridgHt,8,5,2006,2006,1717,1709.0,3.0,255500,Large
NridgHt,9,5,2008,2008,1743,1739.0,3.0,335000,XL
NridgHt,8,5,2004,2005,1713,1713.0,3.0,274900,Large
NridgHt,9,5,2006,2006,1531,1504.0,3.0,300000,Large
NridgHt,9,5,2008,2008,1808,1774.0,3.0,324000,XL
NridgHt,9,5,2004,2005,2224,1462.0,3.0,350000,XL
NridgHt,8,5,2004,2005,1836,1836.0,3.0,280000,XL
NridgHt,8,5,2003,2004,1629,3206.0,3.0,284000,Large
NridgHt,7,5,2003,2004,1760,1760.0,2.0,269500,XL
NridgHt,7,5,2009,2009,1502,1502.0,2.0,233170,Large
NridgHt,10,5,2003,2003,2392,2392.0,3.0,386250,XL
NridgHt,9,5,2003,2003,2452,2452.0,3.0,445000,XL
NridgHt,8,5,2003,2004,2400,1082.0,3.0,290000,XL
NridgHt,8,5,2006,2006,1606,1598.0,3.0,255900,Large
NridgHt,6,5,2005,2005,1358,1358.0,2.0,213000,Medium
NridgHt,6,5,2005,2005,1306,1306.0,2.0,196000,Medium
NridgHt,6,5,2005,2005,1306,1306.0,2.0,184500,Medium
NridgHt,7,5,2007,2008,1358,1350.0,2.0,212500,Medium
NridgHt,7,5,2007,2008,1314,1314.0,2.0,230000,Medium
NridgHt,10,5,2004,2005,2492,2492.0,3.0,552000,XL
NridgHt,8,5,2003,2004,2200,2200.0,3.0,382500,XL
NridgHt,9,5,2008,2009,1884,1884.0,2.0,320000,XL
NridgHt,9,5,2008,2008,1456,1451.0,2.0,248500,Large
NridgHt,8,5,2002,2003,1712,1712.0,3.0,286500,Large
NridgHt,8,5,2006,2006,1324,1324.0,2.0,254000,Medium
NridgHt,7,5,2003,2003,1405,1405.0,2.0,173000,Medium
NridgHt,7,5,2003,2004,1626,764.0,2.0,173000,Large
Gilbert,7,5,2005,2005,1456,728.0,2.0,184000,Large
Gilbert,6,5,2005,2006,1490,745.0,2.0,167800,Large
Gilbert,6,5,2005,2005,1484,742.0,2.0,174000,Large
Gilbert,6,5,2005,2005,1560,684.0,2.0,174000,Large
Blmngtn,7,5,2007,2007,1555,1373.0,3.0,174000,Large
Blmngtn,7,5,2007,2007,1569,1386.0,3.0,175900,Large
Blmngtn,7,5,2005,2006,1555,1373.0,2.0,192500,Large
Blmngtn,7,5,2005,2006,1504,1346.0,2.0,181000,Large
Blmngtn,7,5,2005,2006,1220,1220.0,2.0,180000,Medium
Blmngtn,7,5,2005,2006,1145,1145.0,2.0,160200,Medium
Gilbert,7,5,2004,2005,1432,716.0,2.0,188500,Medium
Gilbert,6,5,2002,2002,2267,1010.0,2.0,200000,XL
Gilbert,7,5,2004,2005,1374,384.0,2.0,170000,Medium
Gilbert,7,5,2004,2005,1630,868.0,2.0,189500,Large
Gilbert,8,5,2002,2002,1419,408.0,2.0,184100,Medium
Gilbert,7,5,2004,2004,1594,846.0,2.0,195500,Large
Gilbert,7,5,2003,2003,1489,782.0,2.0,192000,Large
Gilbert,7,5,2003,2003,1342,698.0,2.0,178000,Medium
NridgHt,7,5,2007,2008,1314,1314.0,2.0,207500,Medium
Gilbert,7,5,2000,2000,2256,952.0,2.0,236000,XL
Gilbert,8,5,2002,2002,2004,870.0,3.0,257500,XL
Gilbert,6,5,2000,2000,2054,992.0,2.0,244000,XL
Gilbert,7,5,2004,2004,1374,384.0,2.0,167000,Medium
Gilbert,6,5,2000,2000,1800,982.0,2.0,179000,XL
Gilbert,6,5,2000,2000,1514,794.0,2.0,190000,Large
Gilbert,7,5,1999,2000,1430,384.0,2.0,156000,Medium
Gilbert,7,5,1999,1999,2312,1177.0,3.0,245000,XL
Gilbert,6,5,1999,1999,1675,841.0,2.0,181000,Large
Gilbert,7,5,1999,1999,2060,992.0,2.0,214000,XL
Gilbert,7,6,1999,1999,1430,384.0,2.0,168000,Medium
NoRidge,8,5,1999,1999,2365,1252.0,3.0,337000,XL
NoRidge,8,5,1995,1996,2794,1462.0,3.0,403000,XL
NoRidge,8,5,2000,2000,2687,1455.0,3.0,327000,XL
NoRidge,8,5,1998,1998,2450,1284.0,3.0,340000,XL
NoRidge,8,5,1998,1999,2612,1225.0,3.0,336000,XL
NoRidge,7,5,1996,1997,2344,1264.0,3.0,265000,XL
NoRidge,8,5,1994,1995,2063,2024.0,3.0,315000,XL
NoRidge,7,5,1993,1993,2646,1347.0,3.0,260000,XL
NoRidge,7,5,1995,1996,2061,1070.0,2.0,260000,XL
NoRidge,8,5,1993,1994,2232,1173.0,2.0,263550,XL
NoRidge,8,7,1994,2005,2448,1629.0,3.0,402000,XL
NoRidge,7,6,1994,1994,1850,973.0,2.0,248000,XL
Somerst,8,5,2008,2009,1468,1468.0,3.0,244600,Large
Somerst,8,5,2008,2008,1696,1696.0,3.0,275000,Large
Somerst,8,5,2008,2008,1658,1614.0,3.0,257500,Large
Somerst,8,5,2008,2009,1578,1573.0,3.0,287090,Large
Somerst,8,5,2007,2007,1702,1702.0,3.0,275500,Large
Somerst,8,5,2006,2006,1432,1422.0,2.0,245000,Medium
Somerst,7,5,2005,2005,1971,1113.0,2.0,253000,XL
Somerst,9,5,2005,2006,2490,2458.0,3.0,468000,XL
Somerst,7,5,2009,2009,1852,900.0,2.0,252678,XL
Somerst,8,5,2008,2008,1590,768.0,2.0,210000,Large
Somerst,6,5,2009,2009,1218,1218.0,2.0,208300,Medium
Somerst,7,5,2008,2009,1436,1436.0,2.0,225000,Medium
Somerst,8,5,2009,2009,1314,1300.0,2.0,229456,Medium
Somerst,7,5,2008,2008,1402,1402.0,2.0,229800,Medium
Somerst,9,5,2007,2008,1530,1530.0,3.0,250000,Large
Somerst,9,5,2009,2009,1766,1766.0,3.0,370878,XL
Somerst,8,5,2006,2007,1448,1372.0,2.0,238500,Large
Somerst,10,5,2008,2008,2007,1017.0,3.0,310000,XL
Somerst,8,5,2006,2006,1795,900.0,3.0,270000,XL
Somerst,8,5,2005,2006,1953,1082.0,3.0,252000,XL
Somerst,7,5,2006,2007,1550,1092.0,2.0,241000,Large
Somerst,8,5,2008,2009,1836,1836.0,2.0,264500,XL
Somerst,7,5,2006,2007,1662,1652.0,3.0,291000,Large
Somerst,7,5,2003,2004,2094,912.0,2.0,263000,XL
Somerst,7,5,2004,2005,1221,1221.0,2.0,185000,Medium
Somerst,7,5,2003,2004,1553,1553.0,2.0,234500,Large
Somerst,7,5,2003,2003,1653,812.0,2.0,209000,Large
SawyerW,7,6,2007,2007,1218,1218.0,2.0,159000,Medium
SawyerW,7,5,2006,2006,1141,1141.0,2.0,152000,Medium
SawyerW,6,5,2004,2004,1158,1158.0,0.0,143500,Medium
SawyerW,7,5,2004,2004,1812,835.0,2.0,193000,XL
SawyerW,8,5,2004,2004,1512,1512.0,3.0,203000,Large
SawyerW,7,5,2003,2003,1200,1176.0,2.0,184900,Medium
SawyerW,7,5,2004,2005,1114,1114.0,2.0,159000,Small
SawyerW,5,5,2004,2004,1114,1114.0,0.0,142000,Small
SawyerW,5,5,2003,2004,1114,1114.0,2.0,153000,Small
SawyerW,7,5,2008,2009,1450,1450.0,3.0,224243,Large
SawyerW,7,5,1996,1997,2122,913.0,2.0,220000,XL
SawyerW,8,5,2005,2006,1844,1844.0,2.0,257000,XL
SawyerW,7,5,2001,2001,1434,1454.0,2.0,189000,Medium
SawyerW,6,6,1992,1992,1730,816.0,2.0,171500,Large
SawyerW,6,6,1980,1980,1217,626.0,1.0,120000,Medium
SawyerW,6,5,1990,1991,1332,1332.0,2.0,145000,Medium
SawyerW,7,5,1994,1994,1540,754.0,2.0,184000,Large
SawyerW,6,7,1986,1986,1400,676.0,2.0,162000,Medium
SawyerW,6,7,1981,1981,1882,0.0,2.0,160000,XL
SawyerW,4,4,1950,1950,841,721.0,1.0,82000,Small
SawyerW,6,3,1928,1950,784,784.0,2.0,76000,Small
Sawyer,5,5,1962,1962,980,980.0,2.0,110000,Small
Sawyer,5,6,1977,1977,980,980.0,2.0,135000,Small
Sawyer,5,6,1961,1961,864,864.0,2.0,141000,Small
Sawyer,5,5,1961,1961,864,864.0,1.0,122000,Small
Sawyer,5,5,1965,1965,1020,1024.0,1.0,124100,Small
Sawyer,5,8,1963,1995,912,912.0,1.0,129000,Small
Sawyer,5,6,1961,1983,1144,864.0,1.0,131400,Medium
Sawyer,5,5,1965,1965,864,864.0,1.0,62383,Small
Sawyer,5,6,1962,1962,912,912.0,1.0,123000,Small
Veenker,8,8,1980,1980,2014,2014.0,3.0,275000,XL
NoRidge,7,8,1991,2008,1755,975.0,2.0,235000,XL
Somerst,7,5,2004,2005,3005,1376.0,3.0,280750,XL
Somerst,6,5,2009,2009,1224,612.0,2.0,164500,Medium
Somerst,6,5,2009,2009,1224,612.0,2.0,173733,Medium
Somerst,6,5,2008,2008,1726,1726.0,2.0,222000,Large
Somerst,6,5,2008,2008,1256,1145.0,2.0,195000,Medium
Somerst,6,5,1999,1999,1471,729.0,2.0,172500,Large
Somerst,6,5,2000,2000,1512,756.0,2.0,180000,Large
Somerst,7,5,1999,1999,1452,691.0,2.0,156000,Large
Somerst,8,5,1999,2000,1739,970.0,2.0,172500,Large
Veenker,8,9,1977,2008,1694,1694.0,2.0,318750,Large
Greens,8,5,1981,1981,1226,1226.0,2.0,211500,Medium
Veenker,7,5,1981,1981,1740,1740.0,2.0,241600,Large
Veenker,8,5,1976,1976,2499,392.0,2.0,180500,XL
Sawyer,4,4,1976,1993,1620,1281.0,2.0,150000,Large
NWAmes,6,6,1968,1968,1556,727.0,2.0,154000,Large
NWAmes,6,6,1970,1970,1442,1442.0,2.0,185000,Medium
NWAmes,6,7,1968,1968,1489,1489.0,2.0,185750,Large
NWAmes,7,6,1973,1973,2090,1107.0,2.0,200000,XL
NWAmes,7,6,1974,1974,2067,752.0,2.0,206000,XL
NWAmes,6,6,1972,1972,1395,723.0,2.0,162000,Medium
NWAmes,6,7,1967,1997,2640,932.0,2.0,256900,XL
NWAmes,6,5,1967,1976,1724,1680.0,2.0,197900,Large
NWAmes,5,5,1969,1969,1336,1288.0,2.0,163000,Medium
NWAmes,6,5,1969,1969,1216,1216.0,1.0,113000,Medium
NWAmes,7,7,1977,1992,2288,908.0,2.0,230000,XL
NWAmes,6,5,1977,1977,1334,1350.0,2.0,167900,Medium
NWAmes,7,5,1998,1999,1680,1650.0,2.0,213250,Large
NWAmes,8,6,2001,2001,1665,810.0,2.0,227000,Large
NAmes,5,6,1967,1967,864,864.0,1.0,130000,Small
NAmes,5,5,1967,1967,1568,1568.0,2.0,143000,Large
NAmes,5,6,1965,1965,925,925.0,1.0,117500,Small
NWAmes,7,5,1974,1974,2061,1165.0,2.0,168500,XL
NWAmes,6,5,1971,1971,1320,1232.0,2.0,172500,Medium
NWAmes,6,5,1967,1967,1342,1372.0,2.0,161500,Medium
NAmes,4,7,1960,1960,894,894.0,2.0,141500,Small
NAmes,5,7,1959,1959,864,864.0,1.0,118000,Small
NAmes,6,6,1959,1959,864,864.0,1.0,127500,Small
NAmes,4,5,1957,1957,1362,1040.0,3.0,140000,Medium
NAmes,5,6,1956,1956,1728,1048.0,2.0,177625,Large
NAmes,5,5,1958,1958,1776,1584.0,3.0,110000,XL
NAmes,6,6,1964,1964,1516,1516.0,2.0,167000,Large
NAmes,5,6,1961,1995,1313,1313.0,2.0,153000,Medium
NAmes,5,5,1964,1964,1292,1292.0,2.0,145100,Medium
NAmes,5,6,1966,1966,1154,1154.0,2.0,154000,Medium
NAmes,5,6,1965,1965,2140,744.0,2.0,177500,XL
NAmes,6,6,1964,1964,1445,1127.0,2.0,158000,Large
NAmes,5,6,1959,1959,1041,1041.0,1.0,124500,Small
NAmes,6,6,1961,1961,1576,1208.0,2.0,174500,Large
NAmes,5,5,1955,1955,960,960.0,1.0,122000,Small
BrkSide,4,7,1940,1950,708,420.0,0.0,82500,Small
BrkSide,5,4,1950,1950,1203,709.0,1.0,110000,Medium
NAmes,6,4,1953,1953,1505,1505.0,2.0,149500,Large
NAmes,6,5,1967,1967,1691,1680.0,2.0,175000,Large
NAmes,6,5,1953,1953,1644,1416.0,2.0,167000,Large
NAmes,5,6,1956,1956,1050,1050.0,1.0,128900,Small
NAmes,6,8,1950,2005,1668,856.0,1.0,140000,Large
NAmes,5,7,1950,2007,1113,1113.0,1.0,147000,Small
NAmes,5,5,1967,1967,1584,1584.0,3.0,124000,Large
NAmes,6,6,1961,1961,1453,1453.0,2.0,187500,Large
NAmes,6,5,1963,1963,1394,1394.0,2.0,159000,Medium
NAmes,6,8,1966,2008,1567,1562.0,2.0,256000,Large
NAmes,7,6,1965,1990,1986,768.0,2.0,205000,XL
NAmes,6,6,1968,1968,2142,896.0,1.0,193500,XL
NAmes,6,3,1968,1968,1392,1392.0,2.0,110000,Medium
NAmes,4,4,1920,2007,1738,715.0,1.0,104900,Large
NAmes,5,7,1956,1956,1144,1169.0,1.0,150000,Medium
NAmes,6,3,1957,1957,1478,1478.0,2.0,156500,Large
NAmes,7,6,1960,1960,1329,1329.0,2.0,176000,Medium
NAmes,6,8,1959,1998,988,988.0,1.0,149500,Small
NAmes,6,6,1958,1988,1632,1240.0,1.0,139000,Large
NAmes,6,7,1958,1998,1215,1215.0,1.0,155000,Medium
NAmes,5,5,1956,1956,1202,1202.0,1.0,120000,Medium
NAmes,5,5,1955,1955,1382,1382.0,1.0,153000,Medium
NAmes,4,5,1956,1956,1200,1200.0,1.0,144000,Medium
NAmes,6,5,1962,1962,1382,1362.0,2.0,176000,Medium
NAmes,5,6,1954,1990,1297,1297.0,2.0,153000,Medium
NAmes,5,4,1958,1958,1866,1866.0,2.0,135000,XL
NAmes,6,7,1954,1954,1062,1062.0,1.0,131000,Small
NAmes,5,6,1953,1953,1319,608.0,1.0,123000,Medium
NAmes,5,5,1951,1951,1112,631.0,2.0,126000,Small
NAmes,4,5,1955,1955,1005,1005.0,2.0,115000,Small
NAmes,5,7,1951,2000,1363,1008.0,1.0,164900,Medium
NAmes,5,6,1945,1950,793,793.0,1.0,113000,Small
NAmes,5,8,1952,2005,1031,1031.0,1.0,145500,Small
NAmes,5,5,1953,1953,1210,0.0,1.0,102900,Medium
OldTown,3,5,1900,1970,1699,978.0,2.0,95000,Large
NAmes,7,7,1948,1999,1527,699.0,2.0,152500,Large
NAmes,5,6,1950,1950,1200,1200.0,1.0,129900,Medium
NAmes,6,6,1948,2002,972,972.0,1.0,132000,Small
OldTown,3,5,1958,1958,792,792.0,1.0,99900,Small
OldTown,5,7,1916,1987,1656,660.0,1.0,135000,Large
OldTown,5,7,1939,2006,1352,676.0,2.0,149000,Medium
OldTown,4,8,1900,2003,1039,405.0,1.0,114000,Small
OldTown,5,8,1924,2006,792,768.0,1.0,109500,Small
OldTown,5,7,1925,1950,1078,1054.0,1.0,125000,Small
OldTown,4,5,1915,1950,2377,1313.0,2.0,142900,XL
OldTown,7,9,1910,2008,1690,560.0,2.0,156500,Large
OldTown,2,5,1940,1950,599,416.0,0.0,59000,Small
OldTown,4,6,1920,1950,1374,840.0,1.0,105000,Medium
OldTown,5,7,1920,1950,846,720.0,2.0,106000,Small
OldTown,3,5,1890,1998,725,630.0,1.0,78500,Small
NAmes,6,5,1969,1969,2544,1248.0,3.0,190000,XL
NAmes,6,7,1963,1963,1380,1380.0,1.0,154000,Medium
NAmes,6,4,1967,1967,1040,1040.0,2.0,163000,Small
NAmes,5,5,1969,1969,2634,1248.0,4.0,200000,XL
NAmes,6,9,1958,2007,951,951.0,2.0,143500,Small
NAmes,6,6,1957,1957,1105,1105.0,1.0,135000,Small
NAmes,5,7,1957,2000,1306,992.0,1.0,153000,Medium
NAmes,6,5,1960,1960,1478,1478.0,2.0,157500,Large
NAmes,6,6,1958,1958,1142,160.0,1.0,113500,Medium
NAmes,5,7,1949,1950,1268,832.0,1.0,133000,Medium
NAmes,3,4,1950,1950,1040,0.0,2.0,92900,Small
NAmes,6,5,1950,1950,1133,795.0,2.0,128500,Medium
NAmes,4,5,1949,1950,1040,0.0,2.0,90000,Small
NAmes,5,4,1950,1982,1904,1208.0,1.0,138000,XL
NAmes,5,6,1958,1958,1041,1041.0,1.0,128000,Small
NAmes,5,6,1958,1965,1339,1029.0,1.0,139000,Medium
NAmes,5,7,1952,1952,732,732.0,1.0,118900,Small
NAmes,5,5,1959,1959,1183,528.0,1.0,138000,Medium
NAmes,5,5,1959,1959,1148,1148.0,1.0,132500,Medium
NAmes,4,7,1949,1996,1461,832.0,1.0,133500,Large
NAmes,6,7,1948,1994,1495,864.0,2.0,135000,Large
NAmes,6,5,1964,1964,1806,780.0,2.0,144750,XL
NAmes,5,7,1978,1978,941,941.0,2.0,145000,Small
NAmes,6,6,1963,1963,1045,1045.0,1.0,127000,Small
NAmes,5,5,1962,1962,894,894.0,1.0,109500,Small
OldTown,6,8,1926,2004,1224,818.0,1.0,115000,Medium
OldTown,5,6,1910,1981,1230,440.0,2.0,110000,Medium
OldTown,6,8,1935,1998,1378,901.0,1.0,128900,Medium
OldTown,6,5,1910,1950,1944,972.0,2.0,103500,XL
OldTown,5,6,1941,1950,1131,676.0,1.0,66500,Medium
OldTown,5,8,1910,2003,1306,240.0,2.0,130000,Medium
OldTown,5,8,1910,2002,1464,504.0,0.0,129000,Large
OldTown,5,6,1939,1950,1558,690.0,2.0,150000,Large
OldTown,5,4,1892,1965,2372,994.0,1.0,107500,XL
OldTown,4,6,1920,1950,1701,600.0,0.0,94550,Large
OldTown,5,5,1952,1952,1960,960.0,2.0,124500,XL
OldTown,7,8,1946,1992,1389,651.0,1.0,135000,Medium
OldTown,5,5,1910,1950,1447,801.0,0.0,103000,Large
OldTown,4,4,1953,1953,936,936.0,2.0,93000,Small
OldTown,5,7,1950,1970,1328,768.0,1.0,129500,Medium
OldTown,5,4,1954,1954,1387,811.0,1.0,93000,Medium
OldTown,4,6,1920,1950,861,861.0,2.0,80000,Small
OldTown,2,4,1940,1950,612,0.0,1.0,45000,Small
OldTown,3,6,1910,1950,968,600.0,0.0,37900,Small
OldTown,5,8,1938,1996,886,190.0,1.0,91300,Small
OldTown,5,8,1923,1950,792,624.0,1.0,99500,Small
OldTown,4,5,1920,2008,1452,736.0,0.0,113000,Large
OldTown,4,4,1910,1950,1510,677.0,2.0,87500,Large
OldTown,5,7,1947,1950,1284,720.0,1.0,110000,Medium
OldTown,5,5,1898,1965,2138,849.0,2.0,106000,XL
OldTown,7,7,1880,2003,2640,1240.0,4.0,265979,XL
OldTown,6,7,1900,1950,2007,917.0,1.0,160000,XL
OldTown,6,7,1917,2007,1288,624.0,1.0,119000,Medium
OldTown,8,9,1882,1986,1742,916.0,2.0,168000,Large
OldTown,4,3,1910,1950,816,624.0,0.0,58500,Small
OldTown,7,9,1920,1988,1482,650.0,2.0,143000,Large
OldTown,5,4,1910,2006,1022,1022.0,1.0,85000,Small
OldTown,5,6,1890,1996,1869,1088.0,2.0,124900,XL
OldTown,6,6,1920,1950,1480,972.0,1.0,119000,Large
OldTown,6,7,1910,2002,1521,741.0,3.0,146500,Large
IDOTRR,4,5,1920,1950,720,720.0,0.0,34900,Small
IDOTRR,3,3,1900,1950,797,245.0,0.0,44000,Small
BrkSide,5,6,1923,2004,1576,1324.0,2.0,223500,Large
BrkSide,6,6,1923,1950,1432,1022.0,1.0,149000,Medium
BrkSide,7,7,1925,2007,1548,952.0,2.0,205000,Large
BrkSide,5,7,1930,1982,1654,297.0,1.0,137000,Large
BrkSide,6,6,1916,1950,952,952.0,1.0,121000,Small
BrkSide,4,6,1936,1950,1324,672.0,1.0,128000,Medium
BrkSide,6,9,1937,2000,1176,698.0,2.0,134900,Medium
BrkSide,5,8,1925,1997,1348,884.0,1.0,117000,Medium
BrkSide,6,6,1939,1950,1412,780.0,1.0,132500,Medium
BrkSide,5,5,1924,1950,1142,468.0,1.0,93000,Medium
BrkSide,6,7,1926,2004,904,884.0,1.0,119000,Small
BrkSide,5,5,1924,1950,1301,1145.0,2.0,100000,Medium
BrkSide,5,6,1936,1950,1539,927.0,2.0,141500,Large
BrkSide,4,7,1935,1995,1573,884.0,1.0,133000,Large
BrkSide,2,3,1936,1950,800,264.0,0.0,60000,Small
BrkSide,5,7,1931,1993,875,715.0,1.0,105000,Small
BrkSide,5,6,1925,1999,995,960.0,1.0,115000,Small
BrkSide,5,6,1938,1950,1582,952.0,1.0,150000,Large
BrkSide,5,5,1925,1950,1072,1072.0,5.0,126500,Small
BrkSide,6,6,1916,1994,2134,844.0,2.0,214500,XL
BrkSide,7,8,1910,1993,2019,728.0,2.0,167500,XL
OldTown,6,6,1915,1950,1768,1048.0,2.0,155000,XL
OldTown,7,8,1915,2005,1826,910.0,1.0,155000,XL
OldTown,7,8,1915,1994,1944,672.0,1.0,179900,XL
OldTown,6,6,1912,1950,2229,755.0,0.0,104000,XL
OldTown,5,1,1922,1950,2128,1040.0,0.0,62500,XL
IDOTRR,6,5,1927,1950,1930,720.0,1.0,149000,XL
IDOTRR,4,5,1925,1950,1208,780.0,2.0,103000,Medium
OldTown,6,7,1915,2002,1427,483.0,1.0,123000,Medium
OldTown,7,5,1902,2000,1864,1020.0,0.0,97500,XL
IDOTRR,6,6,1927,1950,1666,1204.0,1.0,135000,Large
IDOTRR,4,6,1923,1950,892,858.0,0.0,70000,Small
IDOTRR,6,7,1915,1965,1403,698.0,1.0,116000,Medium
Sawyer,4,9,1946,2001,704,560.0,1.0,88750,Small
Edwards,5,5,1987,1988,1200,1200.0,0.0,179000,Medium
Edwards,5,5,1987,1988,1200,1200.0,0.0,179000,Medium
Edwards,5,5,1978,1978,1152,1152.0,1.0,159900,Medium
Edwards,1,1,1922,1950,904,683.0,0.0,61000,Small
Edwards,6,6,1925,1950,1369,672.0,1.0,103600,Medium
Edwards,5,3,1934,1950,1112,585.0,1.0,63000,Small
Sawyer,5,6,1963,1999,1464,520.0,2.0,175000,Large
Sawyer,5,6,1963,1963,1121,1121.0,2.0,139000,Small
Sawyer,6,5,1978,1978,1683,918.0,2.0,172500,Large
Sawyer,5,6,1967,1967,1052,1052.0,1.0,113500,Small
Sawyer,5,7,1967,2004,899,864.0,1.0,130000,Small
Sawyer,6,5,1978,1978,1034,456.0,2.0,149900,Small
Sawyer,5,5,1982,1982,858,858.0,2.0,134900,Small
Sawyer,5,6,1982,1982,860,840.0,2.0,137000,Small
Sawyer,5,5,1962,1962,1092,1092.0,1.0,139000,Small
Sawyer,5,5,1961,1961,1774,552.0,1.0,165000,XL
Sawyer,6,5,1960,1960,1138,1138.0,2.0,148000,Medium
ClearCr,5,5,1956,1956,2071,825.0,1.0,165000,XL
Sawyer,2,2,1947,1950,660,0.0,0.0,63900,Small
ClearCr,4,5,1957,1989,1788,1104.0,1.0,161500,XL
ClearCr,5,8,1968,2003,1473,1437.0,1.0,143000,Large
Edwards,4,6,1956,1956,1229,1134.0,1.0,135000,Medium
Edwards,4,5,1940,1950,861,861.0,2.0,82500,Small
ClearCr,5,5,1955,1993,1867,1617.0,1.0,190000,XL
Edwards,3,5,1955,1955,1733,0.0,2.0,139600,Large
Edwards,4,5,1954,1954,1383,0.0,2.0,122000,Medium
Edwards,6,5,1956,1956,1689,1436.0,2.0,127500,Large
Edwards,5,5,1956,1956,1073,1073.0,1.0,121500,Small
Edwards,5,3,1958,1958,1276,1276.0,1.0,60000,Medium
Edwards,6,7,1946,1950,1639,747.0,1.0,154400,Large
Edwards,4,6,1941,1950,672,672.0,1.0,113000,Small
Edwards,5,6,1954,1954,1089,1089.0,1.0,125000,Small
Edwards,4,3,1957,1957,845,0.0,1.0,84000,Small
Edwards,5,5,1984,1984,1049,1049.0,1.0,139500,Small
Edwards,5,4,1949,2008,1716,768.0,1.0,131000,Large
Edwards,6,5,1939,1950,1258,560.0,1.0,105000,Medium
Edwards,4,5,1940,1950,1510,755.0,1.0,108000,Large
SawyerW,7,6,1990,1991,1061,1054.0,2.0,162000,Small
SawyerW,6,5,1983,1983,1338,520.0,2.0,156500,Medium
SawyerW,8,8,1983,2009,2132,1496.0,2.0,316600,XL
SawyerW,7,7,1990,1991,2196,2158.0,3.0,271900,XL
SawyerW,7,5,1993,1993,1775,740.0,2.0,213000,XL
SawyerW,7,5,1993,1994,1879,1079.0,2.0,239900,XL
SawyerW,8,5,1995,1995,2020,1128.0,2.0,239500,XL
SawyerW,5,7,1880,2007,2016,0.0,2.0,131000,XL
SawyerW,5,5,1979,1979,1535,0.0,2.0,118964,Large
SawyerW,5,5,1979,1979,1224,1086.0,2.0,153337,Medium
SawyerW,5,5,1979,1979,2228,0.0,2.0,147983,XL
SawyerW,5,5,1979,1979,1535,0.0,2.0,118858,Large
SawyerW,5,5,1979,1979,1535,0.0,2.0,118858,Large
SawyerW,5,5,1979,1979,2240,0.0,2.0,142953,XL
SawyerW,5,5,1979,1979,1229,1094.0,2.0,148325,Medium
SawyerW,5,5,1979,1979,1513,0.0,2.0,113722,Large
SawyerW,7,5,2000,2000,2787,1168.0,4.0,269500,XL
SawyerW,7,5,2000,2000,2787,1168.0,4.0,269500,XL
SawyerW,7,5,2000,2000,2787,1168.0,4.0,269500,XL
CollgCr,9,5,2009,2009,1680,1555.0,3.0,323262,Large
CollgCr,8,5,2007,2008,1718,1705.0,3.0,297000,Large
CollgCr,8,5,2008,2008,1630,1622.0,3.0,295493,Large
CollgCr,9,5,2008,2008,1720,1720.0,3.0,332000,Large
CollgCr,8,5,2008,2008,1468,1468.0,3.0,239900,Large
CollgCr,8,5,2007,2007,1768,866.0,2.0,212000,XL
CollgCr,8,5,2007,2008,1838,1838.0,2.0,272500,XL
CollgCr,9,5,2007,2007,1800,1800.0,2.0,239000,XL
CollgCr,7,5,2006,2006,1604,1604.0,2.0,220000,Large
CollgCr,7,5,2007,2007,1290,1282.0,2.0,200000,Medium
CollgCr,8,5,2008,2008,1254,1254.0,3.0,221800,Medium
CollgCr,7,5,2007,2007,1232,1232.0,2.0,194500,Medium
CollgCr,8,5,2005,2006,1498,1498.0,3.0,237000,Large
CollgCr,6,5,2005,2006,1422,704.0,2.0,173000,Medium
SawyerW,7,5,1989,1989,1644,1518.0,2.0,275000,Large
ClearCr,7,5,1992,1993,1759,1449.0,2.0,233500,XL
ClearCr,5,5,1967,1967,2126,1013.0,2.0,185000,XL
CollgCr,5,5,1996,1996,1040,1040.0,2.0,152000,Small
CollgCr,5,7,1994,1994,990,990.0,1.0,143000,Small
CollgCr,6,5,1997,1997,1764,928.0,2.0,231500,XL
CollgCr,7,6,1996,1996,1661,799.0,2.0,212000,Large
CollgCr,7,5,1998,1998,1463,1463.0,2.0,207000,Large
CollgCr,5,5,1994,1995,1097,1097.0,2.0,145000,Small
CollgCr,5,5,1994,1995,990,990.0,2.0,138000,Small
CollgCr,7,5,1998,1998,1779,866.0,2.0,197900,XL
CollgCr,7,5,1999,1999,1501,1490.0,2.0,204000,Large
CollgCr,7,5,1999,1999,1431,1431.0,2.0,192000,Medium
CollgCr,6,5,1998,1998,1772,928.0,2.0,200000,XL
CollgCr,7,5,2002,2002,1660,831.0,2.0,195000,Large
CollgCr,7,5,2002,2002,1573,1573.0,2.0,227000,Large
CollgCr,7,5,2001,2001,1840,944.0,2.0,230000,XL
CollgCr,7,5,2001,2002,1430,1413.0,2.0,187100,Medium
CollgCr,7,5,2002,2001,1444,1431.0,2.0,203000,Large
CollgCr,7,5,2001,2001,1492,1492.0,2.0,201000,Large
CollgCr,5,5,1978,1978,1040,1040.0,0.0,124000,Small
CollgCr,5,5,1978,1978,907,907.0,1.0,140000,Small
CollgCr,5,7,1979,1979,914,914.0,2.0,134900,Small
CollgCr,5,7,1977,2008,1040,1040.0,2.0,150500,Small
CollgCr,5,8,1978,2005,864,864.0,1.0,136500,Small
CollgCr,5,7,1977,1989,1268,1268.0,1.0,143500,Medium
CollgCr,5,6,1972,1972,864,864.0,1.0,133500,Small
CollgCr,5,5,1972,1972,894,894.0,2.0,123000,Small
CollgCr,5,8,1972,2003,768,768.0,1.0,133900,Small
CollgCr,5,7,1972,2007,768,768.0,2.0,133000,Small
CollgCr,7,5,2002,2002,1611,1569.0,3.0,250000,Large
CollgCr,8,5,2003,2003,2184,1068.0,2.0,254750,XL
CollgCr,8,5,2001,2001,1788,1753.0,2.0,236500,XL
CollgCr,8,5,2001,2001,1872,1299.0,2.0,261500,XL
CollgCr,9,5,2000,2000,2153,1440.0,3.0,313000,XL
CollgCr,7,5,2002,2002,1725,840.0,2.0,198500,Large
CollgCr,7,5,2001,2001,1870,944.0,2.0,211000,XL
CollgCr,8,5,1999,2000,1513,1462.0,2.0,220000,Large
CollgCr,7,5,1996,1996,1504,1504.0,2.0,203000,Large
CollgCr,8,5,2002,2003,1828,1822.0,2.0,279500,XL
CollgCr,7,5,1997,1998,1417,1417.0,2.0,210000,Medium
CollgCr,7,5,1997,1998,2034,1057.0,2.0,219500,XL
CollgCr,7,5,1996,1996,1716,880.0,2.0,191000,Large
CollgCr,7,5,2001,2001,1212,1212.0,2.0,178000,Medium
CollgCr,7,5,2000,2001,1630,1630.0,2.0,213000,Large
CollgCr,6,5,2003,2004,848,848.0,2.0,144000,Small
CollgCr,6,5,2003,2003,848,848.0,2.0,140000,Small
CollgCr,8,5,2007,2007,1602,1578.0,3.0,293200,Large
CollgCr,7,5,2004,2004,1728,864.0,2.0,190000,Large
CollgCr,7,5,2004,2004,1500,1500.0,2.0,190000,Large
CollgCr,6,5,2005,2005,1476,738.0,2.0,173500,Large
CollgCr,6,5,2007,2007,1396,608.0,2.0,170000,Medium
Edwards,4,5,1949,2003,1126,0.0,2.0,108000,Small
Edwards,5,7,1964,1999,1486,1486.0,2.0,167000,Large
Edwards,4,6,1938,1958,816,816.0,1.0,100000,Small
Edwards,7,5,2003,2003,1922,0.0,2.0,198500,XL
Edwards,6,6,1977,1977,1426,690.0,2.0,159500,Medium
Edwards,4,6,1960,1971,1149,1014.0,1.0,127000,Medium
Edwards,6,6,1976,1976,1125,1041.0,1.0,125000,Small
Edwards,9,5,2007,2008,1698,1698.0,3.0,320000,Large
Edwards,6,5,2005,2006,1072,547.0,2.0,145500,Small
Edwards,5,9,1947,2008,698,698.0,0.0,118000,Small
Edwards,4,5,1959,1959,876,876.0,1.0,85000,Small
Edwards,5,5,1950,1950,1368,1078.0,1.0,120000,Medium
Edwards,4,3,1945,1950,1529,0.0,1.0,98000,Large
Edwards,5,8,1922,1950,864,864.0,0.0,99900,Small
Edwards,3,3,1952,1952,944,0.0,2.0,82000,Small
Edwards,5,5,1959,1959,1678,1678.0,0.0,119900,Large
Edwards,5,5,1956,1956,1560,1150.0,1.0,103500,Large
Edwards,4,3,1956,1956,960,672.0,1.0,112000,Small
Edwards,6,8,1920,2000,1196,684.0,2.0,110000,Medium
Edwards,5,6,1941,1950,1298,720.0,1.0,122000,Medium
Edwards,5,5,1941,1960,1604,984.0,2.0,117000,Large
SWISU,5,4,1938,1950,1268,832.0,1.0,160000,Medium
SWISU,5,5,1932,2000,1520,793.0,1.0,159434,Large
SWISU,2,5,1920,1950,438,290.0,1.0,60000,Small
SWISU,6,7,1940,1950,1489,778.0,1.0,139500,Large
SWISU,7,3,1920,1970,3082,824.0,2.0,197000,XL
SWISU,6,6,1935,1950,1242,583.0,1.0,105000,Medium
SWISU,4,3,1928,1950,1981,1122.0,2.0,135000,XL
Crawfor,6,8,1916,2000,1232,816.0,2.0,147500,Medium
SWISU,6,6,1925,1990,1608,976.0,1.0,137450,Large
SWISU,7,9,1936,2007,1135,560.0,2.0,155000,Medium
Crawfor,6,6,1928,1950,1913,896.0,2.0,177000,XL
SWISU,7,7,1928,1950,1477,861.0,1.0,145000,Large
Crawfor,7,8,1918,1990,1228,600.0,1.0,137000,Medium
Crawfor,7,9,1926,2004,2080,1276.0,1.0,234000,XL
Crawfor,5,6,1940,1950,1567,840.0,2.0,205000,Large
Crawfor,6,7,1942,1950,1494,771.0,1.0,177500,Large
Crawfor,5,7,1940,1950,1308,728.0,1.0,160000,Medium
Crawfor,5,4,1960,1960,1273,1273.0,1.0,155000,Medium
Crawfor,5,7,1921,2006,964,876.0,2.0,163500,Small
Crawfor,5,6,1921,1950,1343,731.0,1.0,154900,Medium
Crawfor,7,6,1940,1950,2480,920.0,2.0,205000,XL
Crawfor,5,6,1954,1954,1112,1112.0,1.0,144800,Small
Crawfor,7,7,1941,1950,1564,704.0,1.0,174500,Large
Crawfor,6,6,1960,1960,1561,1561.0,2.0,193000,Large
Crawfor,5,7,1949,2005,1523,1067.0,1.0,158000,Large
Crawfor,6,8,1950,2004,1152,1092.0,1.0,158500,Medium
Crawfor,6,5,1954,1954,1906,1310.0,2.0,224000,XL
Blueste,6,6,1980,1980,1032,516.0,2.0,115000,Small
Blueste,6,6,1980,1992,1229,561.0,2.0,137000,Medium
Blueste,6,6,1980,1980,1229,561.0,2.0,121000,Medium
Blueste,6,6,1980,1980,1229,561.0,2.0,124000,Medium
Crawfor,6,6,1986,1986,1982,572.0,2.0,208000,XL
Crawfor,7,9,1971,2009,2365,1803.0,2.0,315000,XL
Crawfor,6,9,1988,2007,1680,880.0,2.0,222000,Large
IDOTRR,5,7,1920,1997,1344,672.0,1.0,147000,Medium
IDOTRR,5,6,1900,1993,2168,760.0,2.0,123000,XL
IDOTRR,5,5,1920,1950,1192,596.0,1.0,78000,Medium
IDOTRR,3,2,1915,1982,1526,1013.0,0.0,85000,Large
IDOTRR,4,6,1925,1950,572,572.0,1.0,75000,Small
Crawfor,8,5,2007,2008,1648,1596.0,2.0,230000,Large
IDOTRR,2,4,1910,1950,810,0.0,1.0,57625,Small
Mitchel,8,5,2000,2001,2052,1107.0,3.0,251000,XL
Mitchel,7,5,2003,2003,2149,1434.0,2.0,239686,XL
Mitchel,7,5,2004,2005,1710,1710.0,2.0,240000,Large
Mitchel,6,5,2001,2002,1961,804.0,2.0,215000,XL
Mitchel,6,6,1977,1977,926,902.0,1.0,156450,Small
Mitchel,6,7,1977,1977,1287,957.0,2.0,173000,Medium
Mitchel,5,5,1977,1977,1734,0.0,2.0,126000,Large
Mitchel,7,5,1990,1991,1217,1188.0,2.0,173000,Medium
Mitchel,5,5,1991,1991,1595,1582.0,2.0,152000,Large
Timber,6,6,1958,1958,1344,819.0,2.0,137500,Medium
Timber,7,5,1965,1965,2036,2136.0,2.0,375000,XL
Timber,9,5,2007,2008,1620,1620.0,3.0,315500,Large
Timber,7,5,2009,2009,1692,846.0,2.0,224500,Large
Timber,9,5,2008,2008,2036,2190.0,3.0,410000,XL
Timber,9,5,2008,2008,1641,1641.0,3.0,316500,Large
Timber,8,5,2007,2007,1466,1466.0,3.0,201000,Large
Timber,6,5,1988,1988,1412,1392.0,2.0,175000,Medium
Timber,6,8,1980,2006,2237,712.0,2.0,204000,XL
Timber,7,5,1987,1989,1479,1645.0,2.0,213500,Large
Timber,8,5,2001,2002,1296,1267.0,2.0,220000,Medium
Timber,7,5,2003,2003,2014,912.0,2.0,170000,XL
Timber,9,5,2006,2006,1838,1838.0,3.0,315000,XL
Timber,9,5,2007,2007,1978,1978.0,3.0,425000,XL
Mitchel,5,7,1968,1968,1008,1008.0,1.0,139500,Small
Mitchel,5,4,1960,2006,1771,0.0,2.0,115000,XL
Mitchel,6,5,1998,1998,1204,1204.0,2.0,162000,Medium
Mitchel,6,5,1999,1999,1224,1224.0,2.0,165000,Medium
MeadowV,4,5,1973,1973,988,462.0,1.0,91000,Small
Mitchel,5,6,1968,1968,874,864.0,1.0,130000,Small
MeadowV,4,8,1970,2002,630,630.0,1.0,86000,Small
Mitchel,5,5,1969,2000,1404,1188.0,2.0,160000,Medium
MeadowV,4,4,1970,1970,630,630.0,1.0,80000,Small
MeadowV,4,6,1970,2008,1344,546.0,0.0,97000,Medium
MeadowV,4,4,1970,1970,1092,546.0,1.0,88000,Small
Mitchel,5,8,1972,1972,796,796.0,1.0,131900,Small
Mitchel,6,5,1993,1996,1091,384.0,1.0,131250,Small
Mitchel,5,6,1978,1978,1110,1097.0,2.0,165500,Small
Mitchel,5,5,1985,1985,833,833.0,0.0,112000,Small
Mitchel,5,6,1992,1993,883,828.0,2.0,149000,Small
Mitchel,5,5,1993,1995,1362,796.0,2.0,143000,Medium
Mitchel,5,5,1992,1992,1287,624.0,2.0,130000,Medium
Mitchel,6,5,1977,1977,1567,1567.0,2.0,196000,Large
Mitchel,5,7,1969,1969,1632,784.0,2.0,173000,Large
NAmes,6,8,1958,2002,1414,1184.0,2.0,176500,Medium
NAmes,6,7,1970,1970,2117,1205.0,2.0,237500,XL
NAmes,6,5,1969,1969,2112,952.0,2.0,206900,XL
Gilbert,6,5,1997,1998,1604,926.0,2.0,187500,Large
Gilbert,6,5,1995,1996,1470,680.0,2.0,165000,Large
Gilbert,6,5,1998,1998,1604,926.0,2.0,195500,Large
Gilbert,6,5,1998,1998,1638,943.0,2.0,192000,Large
Gilbert,6,5,1996,1996,1636,916.0,2.0,173000,Large
Gilbert,5,5,1996,1997,1384,1348.0,2.0,177900,Medium
Gilbert,7,5,1996,1997,1446,729.0,2.0,175000,Large
StoneBr,8,5,2001,2002,1593,1593.0,2.0,286000,Large
StoneBr,8,5,1997,1997,1682,1664.0,2.0,247900,Large
StoneBr,8,5,1993,1993,1337,1337.0,2.0,180000,Medium
StoneBr,8,5,1992,1992,1280,1280.0,2.0,180000,Medium
Gilbert,6,5,1997,1998,1604,926.0,2.0,181000,Large
Gilbert,6,5,1998,1998,1633,932.0,2.0,183000,Large
Gilbert,6,5,1995,1996,1658,773.0,2.0,188000,Large
Gilbert,7,5,1994,1996,1895,712.0,2.0,194500,XL
Gilbert,6,5,1991,1991,1709,836.0,2.0,185000,Large
StoneBr,8,5,1988,1989,1228,1228.0,2.0,189000,Medium
StoneBr,8,5,1989,1989,1337,1337.0,2.0,188500,Medium
StoneBr,8,5,2005,2005,2500,1168.0,3.0,355000,XL
StoneBr,9,5,2005,2007,2504,1122.0,3.0,325000,XL
StoneBr,9,5,2004,2004,1884,1884.0,3.0,387000,XL
Gilbert,6,2,1952,1952,1474,1632.0,2.0,115000,Large
StoneBr,9,5,2007,2007,1710,1710.0,2.0,334000,Large
Gilbert,6,5,1950,1950,1488,1488.0,2.0,133000,Large
NWAmes,7,6,1986,1991,2093,791.0,2.0,215000,XL
NWAmes,7,6,1988,1988,1688,1675.0,2.0,226500,Large
NWAmes,6,6,1981,1981,1422,1422.0,2.0,175500,Medium
NWAmes,7,7,1983,1983,1260,1260.0,2.0,181900,Medium
NWAmes,7,5,1978,1978,2064,2048.0,2.0,235000,XL
NWAmes,7,5,1979,1979,1782,1782.0,2.0,220000,XL
NWAmes,6,7,1977,1995,2872,1330.0,2.0,272000,XL
NWAmes,6,5,1976,1976,1211,1211.0,2.0,161000,Medium
NWAmes,5,6,1977,1977,1126,1126.0,2.0,175000,Small
NWAmes,7,6,1980,1988,2044,738.0,2.0,185000,XL
NWAmes,5,6,1969,1969,1308,720.0,2.0,146900,Medium
NWAmes,7,7,1978,1978,2840,1420.0,4.0,292500,XL
NWAmes,6,5,1976,1976,1523,1193.0,2.0,180000,Large
NWAmes,6,5,1976,1976,1444,1444.0,2.0,159900,Large
NWAmes,7,6,1976,1976,1964,803.0,2.0,205000,XL
NWAmes,5,6,1973,2000,1178,1176.0,2.0,157000,Medium
NWAmes,8,5,1996,1996,2340,1236.0,3.0,306000,XL
NAmes,5,5,1974,1974,1792,896.0,2.0,133000,XL
NAmes,6,8,1969,1969,1054,1054.0,2.0,151000,Small
NAmes,4,6,1969,1969,936,936.0,1.0,111900,Small
NAmes,5,5,1971,1971,864,864.0,2.0,123000,Small
NAmes,4,5,1972,1972,864,864.0,2.0,111250,Small
NAmes,6,5,1998,1999,1337,1405.0,2.0,181000,Medium
BrDale,6,5,1973,1973,987,483.0,1.0,103400,Small
BrDale,6,5,1973,1973,987,483.0,1.0,100000,Small
BrDale,6,6,1972,1972,987,483.0,1.0,100500,Small
BrDale,6,6,1970,1970,987,483.0,1.0,106000,Small
BrDale,6,5,1971,1971,987,483.0,1.0,85400,Small
BrDale,6,3,1971,1971,987,483.0,1.0,89500,Small
BrDale,5,5,1972,1972,1302,630.0,1.0,111750,Medium
NPkVill,6,6,1977,1977,1069,1069.0,2.0,140000,Small
NPkVill,6,6,1975,1975,1456,855.0,2.0,143000,Large
NPkVill,7,6,1977,1977,1055,1055.0,2.0,148500,Small
NAmes,5,5,1966,1966,892,864.0,1.0,110000,Small
NridgHt,8,5,2008,2008,1932,1932.0,3.0,394617,XL
NridgHt,10,5,2007,2008,2332,1682.0,3.0,426000,XL
NridgHt,10,5,2007,2008,2084,2078.0,3.0,385000,XL
NridgHt,9,5,2008,2008,2713,1452.0,3.0,446261,XL
NridgHt,8,5,2007,2007,1582,1582.0,3.0,317500,Large
NridgHt,8,5,2007,2008,1710,1710.0,3.0,372402,Large
NridgHt,8,5,2007,2007,2464,2418.0,3.0,417500,XL
NridgHt,9,5,2007,2007,1950,1950.0,3.0,383000,XL
NridgHt,9,5,2006,2006,2748,1850.0,3.0,390000,XL
NridgHt,10,5,2005,2006,2790,1620.0,4.0,460000,XL
NridgHt,9,5,2005,2005,2331,1414.0,3.0,379000,XL
NridgHt,8,5,2007,2007,2088,948.0,3.0,250000,XL
NridgHt,8,5,2004,2004,2332,1148.0,3.0,316000,XL
NridgHt,10,5,2003,2003,2470,2535.0,3.0,615000,XL
NridgHt,9,5,2003,2004,2668,1572.0,3.0,412500,XL
NridgHt,7,5,2003,2004,2046,998.0,3.0,284000,XL
NridgHt,8,5,2003,2004,1575,1603.0,3.0,284000,Large
NridgHt,8,5,2001,2002,2649,1479.0,3.0,421250,XL
NridgHt,8,5,2003,2003,2690,1765.0,3.0,370000,XL
NridgHt,9,5,2008,2008,1866,1858.0,3.0,336860,XL
NridgHt,9,5,2008,2008,1702,1702.0,3.0,367294,Large
NridgHt,7,5,2005,2005,1367,1367.0,2.0,192000,Medium
NridgHt,8,5,2003,2004,1518,1518.0,2.0,274000,Large
NridgHt,9,5,2005,2005,1684,1684.0,2.0,266000,Large
NridgHt,9,5,2007,2008,1800,1800.0,3.0,370967,XL
NridgHt,8,5,2006,2007,1342,1342.0,2.0,234250,Medium
NridgHt,8,5,2006,2007,1342,1342.0,2.0,219500,Medium
NridgHt,7,5,2003,2004,1626,764.0,2.0,155000,Large
NridgHt,7,5,2003,2004,1626,764.0,2.0,154000,Large
NridgHt,7,5,2004,2004,1358,1358.0,2.0,207000,Medium
Blmngtn,7,5,2003,2003,1455,1415.0,3.0,195000,Large
Blmngtn,7,5,2004,2004,1576,1393.0,3.0,219990,Large
Blmngtn,7,5,2005,2006,1504,1346.0,2.0,191000,Large
Blmngtn,7,5,2007,2007,1266,1266.0,2.0,159895,Medium
Blmngtn,7,5,2007,2008,1246,1146.0,2.0,187687,Medium
Gilbert,6,5,2004,2004,1515,789.0,2.0,179000,Large
Gilbert,6,5,2004,2004,1593,839.0,2.0,193000,Large
Gilbert,7,5,2005,2005,1166,856.0,2.0,190000,Medium
Gilbert,6,5,2005,2005,1456,728.0,2.0,176000,Large
Gilbert,7,5,2002,2003,1720,840.0,2.0,188000,Large
Gilbert,7,5,2003,2003,1986,847.0,2.0,213000,XL
NridgHt,7,6,2007,2008,1358,1350.0,2.0,217300,Medium
Gilbert,6,5,2000,2000,1792,936.0,2.0,186500,XL
Gilbert,7,5,2000,2001,1892,982.0,2.0,226750,XL
Gilbert,7,5,2004,2005,1490,788.0,2.0,184000,Large
Gilbert,7,5,2002,2002,1414,707.0,2.0,176000,Medium
Gilbert,7,5,1999,2000,2322,1037.0,2.0,225000,XL
Gilbert,7,5,1999,1999,1651,831.0,2.0,185900,Large
NoRidge,8,5,1997,1997,2199,1173.0,2.0,284500,XL
NoRidge,8,5,1998,1998,2630,1470.0,3.0,315000,XL
NoRidge,8,5,2000,2000,2198,1145.0,3.0,250000,XL
NoRidge,9,5,2000,2000,2172,1519.0,3.0,291000,XL
NoRidge,8,5,1998,1998,2006,1982.0,3.0,350000,XL
NoRidge,7,5,1996,1997,2125,1064.0,2.0,279500,XL
NoRidge,8,7,1995,1995,2501,1242.0,3.0,290000,XL
NoRidge,8,6,1995,1995,2113,2109.0,3.0,350000,XL
NoRidge,7,5,1993,1994,2418,1311.0,3.0,341000,XL
NoRidge,7,5,1993,1994,2197,1080.0,3.0,287500,XL
NoRidge,7,5,1994,1994,2127,1223.0,2.0,271000,XL
NoRidge,8,5,1994,1994,1987,1986.0,2.0,301500,XL
Somerst,8,5,2007,2008,1580,1580.0,3.0,235128,Large
Somerst,6,5,2007,2007,1933,894.0,3.0,214000,XL
Somerst,8,5,2006,2006,1574,1574.0,3.0,232000,Large
Somerst,7,5,2006,2006,1578,1578.0,3.0,240000,Large
Somerst,9,5,2008,2008,1506,1498.0,2.0,264132,Large
Somerst,8,5,2007,2007,1563,1563.0,3.0,245000,Large
Somerst,7,5,2008,2008,1428,1417.0,2.0,227680,Medium
Somerst,8,5,2007,2007,1861,1341.0,3.0,257000,XL
Somerst,8,5,2007,2008,1874,955.0,3.0,297900,XL
Somerst,8,5,2006,2007,1460,1460.0,2.0,247000,Large
Somerst,8,5,2007,2008,1372,1363.0,2.0,212700,Medium
Somerst,7,5,2007,2008,1372,1372.0,2.0,250580,Medium
Somerst,7,5,2007,2008,1428,1428.0,2.0,182000,Medium
Somerst,7,5,2005,2005,1768,866.0,2.0,226700,XL
Somerst,8,5,2003,2004,1992,1053.0,2.0,250000,XL
Somerst,7,5,2005,2005,1958,1026.0,3.0,250000,XL
Somerst,8,5,2007,2008,2078,1034.0,3.0,339750,XL
Somerst,7,6,2007,2007,1665,813.0,2.0,205950,Large
Somerst,8,5,2007,2007,1660,1660.0,3.0,256000,Large
Somerst,7,5,2007,2008,1218,1218.0,2.0,230348,Medium
Somerst,6,5,2003,2003,1728,864.0,2.0,207500,Large
SawyerW,7,5,2004,2005,1080,1080.0,0.0,141000,Small
SawyerW,6,5,2003,2003,1696,835.0,2.0,188000,Large
SawyerW,7,5,2003,2004,1663,835.0,2.0,192500,Large
SawyerW,6,5,2005,2006,1175,1175.0,0.0,146000,Medium
SawyerW,5,5,2004,2004,1114,1114.0,2.0,159000,Small
SawyerW,6,5,2003,2004,1114,1114.0,2.0,155000,Small
SawyerW,6,5,2004,2004,1640,798.0,2.0,173000,Large
SawyerW,7,5,2007,2007,1162,1162.0,2.0,170000,Medium
SawyerW,6,5,1995,1995,1609,754.0,2.0,182000,Large
SawyerW,6,5,1993,1994,1680,886.0,2.0,163000,Large
SawyerW,6,5,1994,1998,1679,1408.0,2.0,193500,Large
SawyerW,7,5,1994,1995,1657,832.0,2.0,189000,Large
SawyerW,6,5,2001,2001,1677,827.0,2.0,190500,Large
SawyerW,7,5,1992,1992,1737,836.0,2.0,175000,Large
SawyerW,6,5,1991,1991,1294,1278.0,2.0,179200,Medium
SawyerW,6,5,1993,1993,1710,832.0,2.0,187000,Large
SawyerW,6,5,1993,1994,1617,1604.0,2.0,193000,Large
SawyerW,6,5,1993,1993,1199,1199.0,2.0,153900,Medium
Sawyer,5,5,1963,1963,984,984.0,1.0,128000,Small
Sawyer,5,6,1962,1962,912,912.0,1.0,144000,Small
Sawyer,5,8,1961,2007,864,864.0,1.0,135000,Small
Sawyer,5,5,1968,1968,890,890.0,1.0,115000,Small
Sawyer,5,5,1963,1963,864,864.0,1.0,119916,Small
Sawyer,6,8,1961,1996,912,912.0,1.0,142000,Small
Veenker,6,5,1974,1974,1430,1430.0,2.0,192000,Medium
Sawyer,5,4,1972,1972,1641,1001.0,2.0,140000,Large
NoRidge,6,5,1990,1991,2683,930.0,2.0,290000,XL
NoRidge,9,5,1993,1994,2786,1848.0,2.0,372500,XL
Somerst,7,5,2004,2004,1391,1391.0,2.0,196000,Medium
Somerst,7,5,2006,2007,1250,625.0,2.0,171900,Medium
Somerst,7,5,2004,2005,1245,1235.0,2.0,178000,Medium
Somerst,6,5,2005,2005,1200,600.0,2.0,165000,Medium
Somerst,7,5,2007,2007,1392,689.0,2.0,146000,Medium
Somerst,7,5,2007,2007,1392,689.0,2.0,146000,Medium
Somerst,7,5,1999,1999,1501,744.0,2.0,179400,Large
Somerst,6,5,1999,1999,1549,744.0,2.0,172900,Large
Somerst,9,5,2000,2000,1638,1614.0,2.0,300000,Large
Somerst,9,5,2001,2001,1310,1310.0,2.0,285000,Medium
Somerst,9,5,2001,2001,1419,1419.0,2.0,290000,Medium
Somerst,9,5,1999,2000,1557,1557.0,2.0,305000,Large
Somerst,9,5,1999,2000,1709,1698.0,2.0,328900,Large
Somerst,7,5,1999,2000,1252,600.0,2.0,160000,Medium
Somerst,7,5,1999,2000,1404,672.0,2.0,170000,Medium
Somerst,7,5,2001,2001,1789,858.0,2.0,223000,XL
Somerst,8,5,1999,1999,1586,960.0,2.0,170000,Large
Somerst,8,5,1999,2000,1607,960.0,2.0,200000,Large
Somerst,10,5,1998,1999,2393,970.0,2.0,345000,XL
Veenker,8,5,1996,1996,1288,1260.0,2.0,245500,Medium
Veenker,8,5,1995,1995,1239,1230.0,2.0,217500,Medium
Veenker,8,5,1993,1993,1719,1719.0,2.0,324000,Large
Veenker,6,6,1984,1984,1232,1232.0,2.0,162500,Medium
Veenker,9,3,1977,1977,2944,994.0,3.0,150000,XL
Veenker,8,9,1976,2007,1671,1426.0,2.0,290000,Large
Somerst,7,5,2002,2002,1812,952.0,2.0,205000,XL
NWAmes,7,6,1970,1970,1682,1304.0,2.0,174000,Large
NWAmes,6,6,1969,1969,1427,1427.0,2.0,183000,Medium
NWAmes,6,5,1968,1968,1740,1740.0,2.0,150000,Large
NWAmes,6,7,1971,2004,1258,1258.0,2.0,145000,Medium
NWAmes,7,7,1967,1967,1620,1620.0,2.0,215000,Large
NWAmes,5,6,1965,1965,1625,1625.0,2.0,140500,Large
NWAmes,6,7,1974,1997,2614,1522.0,2.0,240000,XL
NAmes,5,6,1968,1968,1464,732.0,2.0,141000,Large
NAmes,5,8,1965,2008,912,912.0,2.0,147000,Small
NAmes,5,7,1965,2005,925,912.0,2.0,135000,Small
NAmes,5,5,1965,1965,1728,1728.0,2.0,145000,Large
NAmes,5,5,1965,1965,1728,1728.0,2.0,142600,Large
NWAmes,5,5,1973,1973,1656,1656.0,2.0,135000,Large
NWAmes,7,6,1971,1971,1670,825.0,2.0,170000,Large
NWAmes,8,9,1976,1996,2715,1142.0,2.0,299800,XL
NWAmes,6,6,1974,1974,1876,901.0,2.0,185000,XL
NWAmes,6,8,1966,2000,1632,800.0,2.0,173000,Large
NAmes,7,9,1961,2007,999,944.0,2.0,178400,Small
NWAmes,7,5,1968,1968,1978,832.0,2.0,176000,XL
NAmes,5,5,1956,1956,1014,0.0,1.0,98000,Small
NAmes,4,6,1957,1957,907,907.0,1.0,109008,Small
NAmes,4,7,1956,1956,952,952.0,1.0,135750,Small
NAmes,5,6,1963,1963,1128,1120.0,2.0,155000,Medium
NAmes,6,5,1964,1964,1425,1425.0,2.0,180500,Medium
NAmes,6,7,1966,1966,1165,1127.0,2.0,174900,Medium
NAmes,6,6,1965,1965,1136,1136.0,1.0,140000,Medium
NAmes,6,7,1964,1964,1092,1092.0,2.0,145000,Small
NAmes,5,8,1965,1999,1265,1219.0,2.0,179900,Medium
NAmes,6,5,1964,1964,1350,1248.0,2.0,168500,Medium
NAmes,5,5,1961,1961,1114,1114.0,2.0,140000,Small
NAmes,5,7,1959,2006,1053,1053.0,1.0,145500,Small
NAmes,6,6,1959,1959,1252,1252.0,2.0,142000,Medium
NAmes,4,5,1960,1960,1100,1100.0,1.0,141000,Small
NAmes,5,7,1960,2000,1118,1118.0,1.0,153000,Small
BrkSide,3,6,1949,1950,720,0.0,1.0,72500,Small
BrkSide,3,6,1935,2003,729,270.0,0.0,52000,Small
BrkSide,5,6,1939,1950,1077,991.0,1.0,118000,Small
BrkSide,4,7,1937,1950,906,348.0,1.0,87000,Small
NAmes,5,6,1960,1960,1496,1296.0,2.0,141500,Large
NAmes,6,5,1950,1950,1252,1032.0,1.0,119000,Medium
NAmes,5,8,1950,2006,1337,572.0,1.0,141500,Medium
NAmes,6,6,1955,1996,1661,992.0,1.0,165500,Large
NAmes,5,5,1953,1953,1036,1036.0,1.0,112900,Small
NAmes,7,6,1965,1988,1820,864.0,2.0,201800,XL
NAmes,6,5,1961,1961,1362,1362.0,2.0,163000,Medium
NAmes,5,6,1961,1961,1144,1144.0,2.0,139950,Medium
NAmes,6,9,1962,2005,1537,1319.0,2.0,174000,Large
NAmes,6,5,1962,1962,1431,1099.0,1.0,165000,Medium
NAmes,6,7,1966,1999,1988,1104.0,2.0,227000,XL
NAmes,5,7,1955,1955,1098,1098.0,1.0,135000,Small
NAmes,5,5,1963,1963,1144,1144.0,1.0,124000,Medium
NAmes,5,7,1962,1980,1283,931.0,2.0,140000,Medium
NAmes,5,4,1957,1957,1176,1176.0,1.0,136500,Medium
NAmes,5,7,1959,1998,1440,1248.0,1.0,185000,Medium
NAmes,6,6,1958,1958,1261,1261.0,2.0,163000,Medium
NAmes,6,6,1958,1958,1570,1395.0,2.0,166800,Large
NAmes,6,5,1956,1956,1196,1196.0,1.0,139000,Medium
NAmes,6,5,1957,1957,1392,1392.0,2.0,166000,Medium
NAmes,6,7,1958,1958,1080,1080.0,1.0,136000,Small
NAmes,5,5,1956,1958,1104,1104.0,1.0,133000,Small
NAmes,5,6,1952,1952,882,720.0,1.0,116000,Small
NAmes,5,6,1953,1953,1152,1152.0,2.0,137500,Medium
NAmes,5,5,1953,1953,950,984.0,2.0,130000,Small
NAmes,6,5,1957,1957,1790,998.0,2.0,180000,XL
NAmes,5,7,1951,1951,952,952.0,2.0,139000,Small
NAmes,5,5,1953,1953,773,773.0,1.0,110000,Small
NAmes,5,3,1957,1982,1764,0.0,1.0,100000,XL
NAmes,5,5,1947,1950,1216,832.0,1.0,118500,Medium
NAmes,5,5,1957,1957,1824,1824.0,2.0,146000,XL
OldTown,4,6,1948,1950,869,0.0,1.0,89900,Small
OldTown,5,8,1925,1950,1159,747.0,1.0,114000,Medium
NAmes,5,6,1945,1950,1558,913.0,1.0,140000,Large
OldTown,4,7,1940,2005,672,672.0,1.0,86900,Small
OldTown,5,5,1922,1950,1436,892.0,4.0,139000,Medium
OldTown,4,7,1900,2000,1294,0.0,0.0,106250,Medium
NAmes,6,6,1962,1962,1716,858.0,2.0,171000,Large
NAmes,5,6,1968,1968,1044,912.0,2.0,139000,Small
NAmes,7,7,1958,2001,1312,1312.0,2.0,186000,Medium
NAmes,6,5,1960,1960,1253,1253.0,1.0,157000,Medium
NAmes,6,6,1960,1993,1081,1081.0,1.0,148000,Small
NAmes,7,7,1960,2007,2069,585.0,2.0,242000,XL
NAmes,5,7,1953,1996,910,105.0,2.0,116000,Small
NAmes,5,7,1951,1951,876,876.0,2.0,94000,Small
NAmes,5,5,1950,1950,1048,0.0,2.0,98300,Small
NAmes,5,5,1960,1960,1507,1075.0,1.0,127000,Large
NAmes,5,6,1959,1959,1256,1256.0,1.0,159000,Medium
NAmes,5,5,1962,1962,1027,1027.0,1.0,125900,Small
NAmes,5,6,1960,1960,1269,1269.0,1.0,155000,Medium
NAmes,6,6,1948,1950,1320,768.0,2.0,138000,Medium
NAmes,6,7,1954,1954,984,936.0,1.0,112500,Small
NAmes,6,6,1954,1954,832,832.0,2.0,105500,Small
NAmes,6,5,1954,1954,1278,854.0,1.0,127500,Medium
NAmes,5,5,1961,1961,1800,1800.0,0.0,130000,XL
NAmes,5,6,1955,1967,1588,768.0,2.0,150000,Large
NAmes,5,7,1954,1954,825,825.0,1.0,109500,Small
NAmes,6,5,1963,1963,1796,780.0,2.0,140000,XL
NAmes,6,6,1964,1964,1611,780.0,2.0,167900,Large
NAmes,5,5,1963,1963,1117,1117.0,1.0,136870,Small
OldTown,6,5,2008,2008,1133,192.0,1.0,143000,Medium
OldTown,5,5,1925,2004,764,680.0,2.0,73000,Small
OldTown,5,8,1904,2002,1539,650.0,2.0,157500,Large
OldTown,5,7,1948,2005,1323,780.0,2.0,122600,Medium
OldTown,5,5,1910,2003,1360,680.0,1.0,111000,Medium
OldTown,6,7,1920,1950,2792,1510.0,2.0,256000,XL
OldTown,5,4,1940,1950,672,672.0,1.0,64000,Small
OldTown,6,7,1915,2005,1456,728.0,1.0,139500,Large
OldTown,4,6,1910,1996,1594,828.0,0.0,118000,Large
OldTown,7,5,2003,2003,2082,1362.0,2.0,200000,XL
OldTown,4,6,1940,1985,1656,801.0,2.0,119164,Large
OldTown,5,5,1920,1950,1740,936.0,1.0,122250,Large
OldTown,7,6,1920,2006,1027,931.0,0.0,120000,Small
OldTown,6,6,1940,1950,1436,884.0,2.0,155000,Medium
OldTown,5,6,1910,1950,899,481.0,1.0,78000,Small
OldTown,5,9,1890,1996,1080,684.0,0.0,95000,Small
OldTown,5,5,1948,1950,789,789.0,1.0,115000,Small
OldTown,5,7,1948,2005,1122,924.0,2.0,147000,Small
OldTown,5,6,1946,1950,1499,904.0,3.0,140000,Large
OldTown,2,5,1946,1950,407,407.0,1.0,46500,Small
OldTown,5,6,1957,1957,928,928.0,1.0,112500,Small
OldTown,4,7,1954,2000,901,901.0,1.0,107900,Small
OldTown,3,1,1949,1992,1588,448.0,0.0,65000,Large
OldTown,7,9,1880,2002,3493,1470.0,3.0,295000,XL
OldTown,5,5,1900,2006,1627,797.0,2.0,139500,Large
OldTown,5,8,1915,1950,1416,876.0,3.0,153900,Medium
OldTown,7,8,1920,1965,1450,624.0,1.0,132000,Large
OldTown,5,5,1916,1950,1344,624.0,3.0,98000,Medium
OldTown,5,7,1900,2003,1017,346.0,1.0,114000,Small
OldTown,5,5,1920,1960,2350,973.0,2.0,130000,XL
OldTown,6,5,1917,1950,2058,735.0,2.0,129500,XL
OldTown,5,9,1905,2005,1540,572.0,0.0,129400,Large
OldTown,7,9,1928,2005,1378,689.0,2.0,161000,Medium
OldTown,6,7,1905,2000,1912,482.0,2.0,163000,XL
OldTown,6,6,1914,2001,1484,742.0,0.0,128000,Large
OldTown,8,5,1872,1987,2358,684.0,0.0,122000,XL
OldTown,7,7,1926,1950,1111,572.0,1.0,116900,Small
OldTown,10,9,1893,2000,2775,1237.0,2.0,325000,XL
OldTown,2,1,1920,1950,1086,723.0,2.0,55000,Small
OldTown,7,7,1890,1999,2495,1313.0,2.0,184000,XL
OldTown,5,6,1959,1959,984,984.0,1.0,110000,Small
OldTown,5,5,1954,1954,1795,1050.0,1.0,131500,XL
OldTown,5,5,1956,1956,882,0.0,1.0,97000,Small
OldTown,4,6,1958,2006,1093,869.0,1.0,115500,Small
BrkSide,5,7,1928,1983,1143,1008.0,1.0,138000,Medium
BrkSide,7,7,1945,1950,1668,672.0,1.0,108000,Large
BrkSide,5,6,1930,1960,935,742.0,1.0,79500,Small
BrkSide,5,5,1935,1950,1738,1024.0,1.0,153000,Large
BrkSide,5,6,1924,1950,784,784.0,0.0,109500,Small
BrkSide,5,7,1941,2006,1210,672.0,1.0,124000,Medium
BrkSide,6,9,1900,2000,1290,554.0,1.0,106900,Medium
BrkSide,6,7,1940,1989,1672,981.0,1.0,164900,Large
BrkSide,5,7,1924,2003,949,949.0,2.0,119000,Small
BrkSide,6,7,1929,1950,1158,862.0,1.0,120000,Medium
BrkSide,6,7,1937,2000,1497,825.0,1.0,157000,Large
BrkSide,6,5,1939,1950,1342,739.0,1.0,105000,Medium
BrkSide,6,7,1926,1950,1013,992.0,1.0,113000,Small
BrkSide,5,7,1920,1997,1216,565.0,1.0,115000,Medium
BrkSide,4,7,1946,1950,896,990.0,1.0,79000,Small
BrkSide,4,7,1929,1950,1136,704.0,1.0,123000,Medium
BrkSide,5,6,1945,1995,808,0.0,1.0,81300,Small
BrkSide,5,7,1930,1992,1573,1078.0,2.0,162900,Large
BrkSide,7,5,1939,1950,2009,989.0,2.0,150000,XL
OldTown,5,5,1923,1950,1902,1100.0,2.0,123500,XL
OldTown,7,5,1931,1950,1774,952.0,2.0,129900,XL
BrkSide,6,8,1920,1999,1362,611.0,2.0,128000,Medium
BrkSide,4,6,1927,1950,520,520.0,1.0,68500,Small
BrkSide,5,5,1948,2001,1285,672.0,1.0,127000,Medium
BrkSide,6,7,1923,2000,1848,833.0,2.0,207000,XL
BrkSide,7,6,1925,1950,1820,1026.0,1.0,184000,XL
BrkSide,6,4,1915,2004,1716,810.0,2.0,162500,Large
BrkSide,5,5,1940,1982,1505,883.0,1.0,145000,Large
BrkSide,6,7,1918,2000,838,816.0,1.0,130000,Small
OldTown,6,8,1910,1983,1984,1242.0,1.0,160000,XL
OldTown,8,7,1925,1996,1666,588.0,1.0,161000,Large
OldTown,6,8,1910,1950,1609,796.0,1.0,127500,Large
IDOTRR,6,6,1930,1950,768,768.0,2.0,93850,Small
IDOTRR,6,6,1952,1952,1536,768.0,1.0,136000,Large
IDOTRR,6,6,1938,1958,1969,1272.0,2.0,141000,XL
IDOTRR,5,6,1915,1978,1308,880.0,2.0,120000,Medium
IDOTRR,6,7,1925,1992,1040,1040.0,2.0,127500,Small
IDOTRR,6,6,1925,1950,1236,768.0,1.0,127000,Medium
IDOTRR,6,7,1920,1950,1406,319.0,0.0,89500,Medium
OldTown,5,7,1955,1995,825,825.0,2.0,125000,Small
OldTown,6,7,1920,1998,1198,901.0,0.0,79900,Medium
IDOTRR,5,8,1912,1991,759,451.0,2.0,85000,Small
IDOTRR,3,3,1915,1950,1344,536.0,0.0,82375,Medium
IDOTRR,6,7,1906,1995,1469,756.0,1.0,135000,Large
Sawyer,5,6,1947,1993,1054,1046.0,1.0,124000,Small
Sawyer,5,5,1968,1968,1211,952.0,1.0,134000,Medium
Sawyer,5,5,1948,1950,1271,720.0,1.0,135000,Medium
ClearCr,4,4,1959,1959,1588,0.0,2.0,134432,Large
Edwards,5,7,1940,1999,1355,644.0,0.0,127500,Medium
Sawyer,5,6,1963,1963,1075,981.0,2.0,148000,Small
Sawyer,5,5,1965,1965,1040,1040.0,1.0,129500,Small
Sawyer,6,5,1978,1978,1096,1008.0,2.0,157500,Small
Sawyer,5,7,1966,1966,904,876.0,1.0,109900,Small
Sawyer,5,7,1967,2005,992,992.0,1.0,145000,Small
Sawyer,5,7,1967,2003,894,894.0,2.0,130000,Small
Sawyer,6,8,1978,1978,1034,450.0,2.0,153000,Small
Sawyer,5,5,1967,1967,1073,1073.0,1.0,120000,Small
Sawyer,5,5,1984,1984,1126,1060.0,2.0,152000,Small
Sawyer,4,4,1969,1969,1258,1198.0,2.0,108959,Medium
Sawyer,5,4,1920,1950,1140,1300.0,2.0,95541,Medium
Sawyer,5,3,1959,1959,1006,1006.0,0.0,80000,Small
Sawyer,5,6,1966,2006,1228,1228.0,1.0,149350,Medium
Sawyer,5,8,1963,2003,960,960.0,1.0,144900,Small
Sawyer,6,8,1956,1956,1188,988.0,2.0,185000,Medium
Sawyer,5,5,1954,1954,1383,1383.0,1.0,165000,Medium
ClearCr,6,7,1960,1975,1252,1602.0,2.0,235000,Medium
Sawyer,5,6,1958,1987,1601,533.0,1.0,140000,Large
Sawyer,5,8,1940,1997,672,672.0,1.0,108000,Small
ClearCr,5,3,1960,1960,1721,988.0,2.0,145000,Large
Sawyer,5,7,1941,1973,1350,576.0,3.0,152400,Medium
Sawyer,5,8,1970,1970,904,864.0,3.0,144000,Small
ClearCr,6,5,1996,1997,1291,1291.0,2.0,173000,Medium
ClearCr,7,5,1977,1977,2022,1160.0,2.0,192000,XL
ClearCr,7,6,1979,1979,1524,1524.0,2.0,245000,Large
ClearCr,7,7,1954,2005,1363,1385.0,2.0,241500,Medium
ClearCr,4,6,1954,1994,1663,1364.0,2.0,256000,Large
Edwards,6,7,1959,2006,1357,1019.0,1.0,177000,Medium
Edwards,7,5,1948,1950,1079,570.0,1.0,125600,Small
Edwards,6,5,1953,1953,1094,1094.0,2.0,155000,Small
ClearCr,6,8,1908,1997,2358,907.0,2.0,240000,XL
Edwards,5,7,1940,2007,1518,1580.0,0.0,260000,Large
Edwards,6,7,1918,1950,1674,1163.0,2.0,185000,Large
Edwards,6,7,1935,1986,2108,1127.0,2.0,235000,XL
Edwards,5,6,1956,1956,1509,1509.0,1.0,159900,Large
Edwards,5,5,1975,1975,864,864.0,0.0,99600,Small
Edwards,6,8,1962,2001,1269,621.0,1.0,134500,Medium
Edwards,5,8,1900,1950,1367,861.0,1.0,119000,Medium
Edwards,5,7,1910,1991,1347,1117.0,0.0,107500,Medium
Edwards,5,5,1950,1950,1164,1164.0,1.0,125000,Medium
Edwards,6,5,1924,1950,1096,572.0,0.0,79000,Small
Edwards,5,6,1941,1950,1111,616.0,1.0,95000,Small
SawyerW,7,5,1990,1990,2329,1475.0,2.0,262280,XL
SawyerW,6,5,1995,2002,2814,1077.0,2.0,260000,XL
SawyerW,7,5,1994,1994,1626,1602.0,2.0,226500,Large
SawyerW,7,5,1993,1994,2200,812.0,2.0,225000,XL
SawyerW,7,5,1996,1996,2037,672.0,2.0,229000,XL
CollgCr,7,5,2007,2007,1356,628.0,2.0,177439,Medium
CollgCr,8,5,2007,2007,1615,1615.0,3.0,248500,Large
CollgCr,9,5,2008,2008,2276,2271.0,3.0,475000,XL
CollgCr,9,5,2008,2008,1766,1751.0,3.0,395039,XL
SawyerW,7,5,1993,1993,2097,1080.0,3.0,228000,XL
SawyerW,8,5,1995,1995,1511,1401.0,3.0,225000,Large
ClearCr,6,6,1966,1966,1643,1182.0,2.0,195000,Large
ClearCr,6,5,1997,1997,1688,616.0,2.0,200000,Large
CollgCr,5,7,1994,1994,990,990.0,2.0,155000,Small
CollgCr,5,6,1995,2006,1099,1099.0,1.0,144000,Small
CollgCr,5,5,1994,1995,990,990.0,2.0,145000,Small
CollgCr,7,5,1997,1998,1418,1418.0,2.0,226001,Medium
CollgCr,6,5,1997,1997,1771,864.0,2.0,215700,XL
CollgCr,7,5,2000,2000,1652,782.0,2.0,207500,Large
CollgCr,7,5,1999,1999,1790,873.0,2.0,193000,XL
CollgCr,7,5,1998,1999,1724,880.0,2.0,188000,Large
CollgCr,7,5,1999,2000,1479,1468.0,2.0,191000,Large
CollgCr,7,5,2002,2002,1494,1494.0,2.0,221000,Large
CollgCr,7,5,2001,2001,1792,963.0,2.0,231500,XL
CollgCr,7,5,2000,2001,1823,928.0,2.0,235000,XL
CollgCr,7,5,2001,2002,1786,920.0,2.0,223500,XL
CollgCr,5,6,1975,1980,938,938.0,1.0,130250,Small
CollgCr,5,8,1977,1977,985,985.0,1.0,149900,Small
CollgCr,5,6,1978,1978,1174,864.0,2.0,158000,Medium
CollgCr,6,6,1978,1978,1026,940.0,2.0,147000,Small
CollgCr,5,6,1975,1975,1076,1076.0,2.0,143195,Small
CollgCr,5,6,1975,2001,1558,864.0,2.0,163000,Large
CollgCr,5,6,1975,1975,924,924.0,1.0,110000,Small
CollgCr,5,7,1972,1972,864,864.0,1.0,127000,Small
CollgCr,5,7,1972,1972,780,780.0,1.0,124900,Small
CollgCr,8,5,2002,2002,1795,1777.0,2.0,230000,XL
CollgCr,8,5,2002,2002,2031,1128.0,2.0,237000,XL
CollgCr,7,5,2000,2000,1865,992.0,3.0,235000,XL
CollgCr,7,5,2001,2001,2161,1257.0,2.0,230500,XL
CollgCr,8,5,1999,2000,1852,1004.0,3.0,230000,XL
CollgCr,7,5,1998,1999,2031,1153.0,2.0,222500,XL
CollgCr,8,5,2001,2002,2263,1055.0,2.0,287000,XL
CollgCr,9,5,2001,2002,1947,1357.0,3.0,274000,XL
CollgCr,8,5,2002,2003,1786,1778.0,3.0,300000,XL
CollgCr,8,5,2002,2002,2290,1128.0,2.0,255900,XL
CollgCr,7,5,2003,2003,1768,884.0,2.0,224900,XL
CollgCr,7,5,2003,2003,2327,1129.0,2.0,240000,XL
CollgCr,7,5,2003,2003,1640,798.0,2.0,183000,Large
CollgCr,8,5,1999,2000,1764,850.0,2.0,207000,XL
CollgCr,7,5,1994,1995,1908,915.0,2.0,210000,XL
CollgCr,6,5,2003,2003,848,848.0,2.0,136500,Small
CollgCr,6,5,2004,2004,848,848.0,2.0,145000,Small
CollgCr,6,5,1997,1998,1493,1478.0,2.0,208900,Large
CollgCr,6,5,1997,1998,1838,1838.0,3.0,185000,XL
CollgCr,7,5,2002,2003,1536,1536.0,2.0,214000,Large
CollgCr,7,5,2003,2003,1710,856.0,2.0,208500,Large
CollgCr,7,5,2004,2004,1445,1445.0,2.0,186500,Large
CollgCr,7,5,2004,2004,1436,1436.0,2.0,210000,Medium
CollgCr,7,5,2004,2004,1582,770.0,2.0,185900,Large
CollgCr,8,5,2007,2007,1234,1234.0,2.0,179900,Medium
CollgCr,7,6,2007,2007,1564,1564.0,3.0,218836,Large
CollgCr,7,5,2007,2007,1361,1351.0,2.0,193000,Medium
CollgCr,7,5,2005,2005,1456,728.0,2.0,189000,Large
CollgCr,6,5,2004,2004,848,848.0,2.0,149300,Small
CollgCr,6,5,2004,2004,848,848.0,2.0,141000,Small
CollgCr,6,5,2004,2004,848,848.0,2.0,149000,Small
CollgCr,6,5,2004,2004,848,848.0,2.0,144500,Small
Edwards,5,7,1910,1950,796,796.0,0.0,85000,Small
Edwards,5,7,1900,2003,2200,1272.0,0.0,145900,XL
Edwards,5,5,1966,1966,1092,1092.0,1.0,123000,Small
Edwards,5,6,1965,1965,1256,1256.0,1.0,147500,Medium
Edwards,5,5,1976,1976,1033,456.0,2.0,165000,Small
Edwards,6,6,1976,1976,1127,1127.0,2.0,135000,Medium
Edwards,5,6,1940,1969,996,996.0,0.0,108000,Small
Edwards,4,5,1972,1972,1181,1138.0,2.0,137500,Medium
Edwards,7,5,2003,2004,1656,746.0,2.0,165400,Large
Edwards,6,6,1977,1977,1117,1029.0,2.0,147000,Small
Edwards,6,7,1976,2001,1398,684.0,2.0,160500,Medium
Edwards,4,5,2005,2005,1132,1132.0,2.0,176000,Medium
Edwards,5,7,1959,1996,3820,0.0,2.0,284700,XL
Edwards,10,5,2008,2008,5642,6110.0,2.0,160000,XL
Edwards,6,5,2005,2005,1072,547.0,2.0,148000,Small
Edwards,4,5,1955,1955,1152,0.0,0.0,82000,Medium
Edwards,4,5,1955,1955,1152,0.0,0.0,82000,Medium
Edwards,4,4,1955,1955,1440,1440.0,0.0,118000,Medium
Edwards,4,5,1955,1955,1152,0.0,0.0,82500,Medium
Edwards,4,5,1955,1955,784,784.0,0.0,91900,Small
Edwards,5,7,1938,2007,1053,585.0,0.0,120000,Small
Edwards,5,8,1947,1993,1137,0.0,0.0,96000,Medium
Edwards,4,5,1953,1953,930,911.0,1.0,99000,Small
Edwards,5,6,1946,1995,1200,768.0,1.0,130500,Medium
Edwards,4,6,1954,1972,1470,941.0,1.0,135000,Large
Edwards,5,7,1955,1955,1393,816.0,1.0,135500,Medium
Edwards,4,6,1954,1954,1204,416.0,1.0,100000,Medium
Edwards,4,7,1923,2008,1292,949.0,1.0,108000,Medium
Edwards,5,6,1925,1950,864,864.0,0.0,98000,Small
Edwards,3,3,1914,1950,864,864.0,0.0,67000,Small
SWISU,5,6,1912,2000,1716,780.0,0.0,135900,Large
SWISU,6,8,1925,1950,1482,672.0,1.0,140000,Large
SWISU,5,8,1939,1997,2192,720.0,1.0,179500,XL
SWISU,6,5,1925,1950,1694,1181.0,2.0,136500,Large
SWISU,7,8,1921,1950,1424,1228.0,1.0,168000,Medium
SWISU,5,6,1911,1950,1964,940.0,0.0,130000,XL
SWISU,5,6,1921,1998,2601,612.0,2.0,189000,XL
SWISU,6,7,1930,1950,1920,960.0,2.0,161900,XL
Crawfor,6,6,1926,1950,1316,644.0,1.0,145000,Medium
Crawfor,6,7,1922,1994,2555,588.0,2.0,191000,XL
Crawfor,6,7,1915,1976,1680,840.0,1.0,177000,Large
Crawfor,6,6,1914,1995,1264,676.0,2.0,147500,Medium
SWISU,6,5,1930,1950,790,768.0,1.0,91000,Small
Crawfor,8,9,1925,1997,1512,798.0,1.0,231000,Large
SWISU,6,5,1936,1950,1639,1064.0,1.0,115000,Large
Crawfor,6,3,1923,1950,1603,784.0,2.0,138000,Large
Crawfor,7,6,1931,2000,1502,776.0,1.0,149000,Large
Crawfor,6,7,1934,1995,1660,715.0,1.0,188700,Large
Crawfor,5,6,1937,1995,1938,942.0,1.0,198000,XL
Crawfor,5,4,1938,1950,1374,884.0,1.0,110000,Medium
Crawfor,6,5,1951,1951,1091,1091.0,1.0,104000,Small
Crawfor,8,6,1935,1950,1873,608.0,2.0,257076,XL
Crawfor,8,9,1935,1997,3447,728.0,3.0,381000,XL
Crawfor,7,9,1939,2006,1954,798.0,2.0,311500,XL
Crawfor,7,9,1950,2000,2161,832.0,2.0,263400,XL
Crawfor,5,5,1956,1956,1898,1898.0,2.0,236500,XL
Crawfor,6,7,1954,2006,1640,1296.0,2.0,224000,Large
Blueste,6,6,1980,1980,1032,516.0,2.0,116500,Small
Blueste,6,6,1980,1980,1556,716.0,2.0,151000,Large
IDOTRR,6,8,1926,1998,919,894.0,1.0,126000,Small
IDOTRR,6,8,1940,2006,1090,720.0,1.0,120000,Small
IDOTRR,4,4,1922,1950,796,796.0,0.0,55000,Small
IDOTRR,6,8,1930,2007,816,816.0,1.0,120500,Small
IDOTRR,5,6,1940,1955,778,740.0,1.0,120500,Small
IDOTRR,5,7,1930,1950,1200,780.0,0.0,119000,Medium
IDOTRR,5,5,1967,1967,1656,624.0,1.0,126000,Large
IDOTRR,5,7,1930,1995,912,520.0,1.0,99500,Small
IDOTRR,5,5,1958,1958,1955,1151.0,1.0,165500,XL
IDOTRR,1,5,1952,1952,733,0.0,2.0,13100,Small
IDOTRR,4,7,1895,1950,1361,173.0,1.0,89000,Medium
IDOTRR,4,4,1920,1950,1317,649.0,1.0,40000,Medium
IDOTRR,4,7,1910,2000,1049,356.0,1.0,80900,Small
IDOTRR,3,4,1935,1950,894,894.0,3.0,81000,Small
IDOTRR,4,6,1920,1950,864,592.0,1.0,65000,Small
Crawfor,8,5,2008,2008,1652,1600.0,2.0,392500,Large
Crawfor,8,5,2007,2008,1648,1596.0,2.0,294464,Large
Crawfor,7,5,2004,2005,1646,1594.0,2.0,250000,Large
Crawfor,8,5,2004,2005,1646,1594.0,2.0,275000,Large
Mitchel,7,5,1996,1997,2032,1840.0,3.0,300000,XL
Mitchel,8,5,2002,2002,1689,1568.0,3.0,271000,Large
Mitchel,7,5,1996,1997,1820,910.0,3.0,213000,XL
Mitchel,6,6,1977,1977,1118,1096.0,1.0,171000,Small
Mitchel,6,6,1977,1977,1279,1196.0,2.0,171500,Medium
Mitchel,5,4,1976,1976,1872,0.0,2.0,100000,XL
Mitchel,4,5,1991,1991,1689,1680.0,2.0,228500,Large
Timber,5,6,1965,1965,1786,1499.0,2.0,228950,XL
Timber,7,6,1986,1986,1501,1277.0,2.0,241500,Large
Timber,8,6,1976,1976,2898,1565.0,2.0,287000,XL
Timber,8,5,2006,2007,1537,1518.0,3.0,294000,Large
Timber,8,5,2007,2008,1646,1638.0,3.0,293077,Large
Timber,8,5,2007,2007,1780,920.0,2.0,264966,XL
Timber,5,5,2006,2007,1442,352.0,2.0,172500,Medium
Timber,5,5,2006,2007,1394,384.0,2.0,167500,Medium
Timber,7,5,2008,2008,1612,796.0,3.0,218689,Large
Timber,6,5,1989,1989,1495,1495.0,2.0,150000,Large
Timber,6,5,1986,1986,1651,1606.0,2.0,184000,Large
Timber,6,5,1986,1986,1256,1256.0,2.0,180000,Medium
Timber,6,5,1988,1989,1509,1461.0,2.0,175000,Large
Timber,8,5,2003,2003,1440,1432.0,2.0,232500,Medium
Timber,6,5,1999,2000,1675,1666.0,2.0,195000,Large
Timber,8,5,2003,2003,2262,1482.0,3.0,305000,XL
Timber,8,5,2007,2007,1728,1884.0,2.0,298751,Large
Timber,8,5,2005,2006,1964,1964.0,3.0,370000,XL
Mitchel,7,5,1997,1998,1344,1344.0,4.0,209200,Medium
Mitchel,7,5,1997,1998,1344,1344.0,4.0,206300,Medium
Mitchel,5,5,2007,2008,1092,1092.0,0.0,146000,Small
Mitchel,6,5,1997,1997,1189,1189.0,2.0,160500,Medium
Mitchel,4,5,1964,1964,1200,1200.0,3.0,173000,Medium
MeadowV,5,6,1975,1975,1040,1040.0,2.0,124000,Small
MeadowV,5,6,1976,1976,1304,264.0,1.0,115000,Medium
MeadowV,5,7,1976,1976,1475,550.0,1.0,129500,Large
MeadowV,4,7,1973,2006,988,526.0,1.0,105000,Small
MeadowV,4,6,1973,1973,988,462.0,1.0,94900,Small
Mitchel,5,6,1968,1968,1160,1113.0,1.0,152500,Medium
MeadowV,6,9,1970,2007,1092,546.0,0.0,98000,Small
MeadowV,4,7,1972,1972,630,630.0,0.0,81000,Small
Mitchel,5,5,1954,1954,988,988.0,2.0,113000,Small
Mitchel,5,7,1983,1983,816,816.0,1.0,128500,Small
Mitchel,5,5,1984,1985,923,876.0,1.0,119500,Small
Mitchel,5,9,1982,2008,816,816.0,1.0,130500,Small
Mitchel,5,8,1982,2003,816,816.0,2.0,138000,Small
Mitchel,5,6,1982,2005,845,845.0,1.0,134500,Small
Mitchel,6,7,1940,1985,1750,983.0,1.0,160000,XL
Mitchel,5,6,1984,1984,889,864.0,2.0,137500,Small
Mitchel,5,4,1969,1969,1968,784.0,2.0,172000,XL
IDOTRR,5,1,1900,1950,1836,686.0,1.0,103000,XL
NAmes,6,6,1971,1971,1587,1587.0,2.0,167300,Large
NAmes,7,5,1970,1970,1277,1277.0,2.0,167000,Medium
NAmes,7,6,1973,1973,2223,2223.0,2.0,244000,XL
NAmes,8,6,1970,1970,2217,2217.0,2.0,268000,XL
Gilbert,7,5,2003,2003,1733,847.0,2.0,225000,Large
Gilbert,6,5,1995,1996,1572,806.0,2.0,168000,Large
Gilbert,6,6,1997,1997,1470,794.0,2.0,177000,Large
Gilbert,6,5,1997,1997,1600,916.0,2.0,169000,Large
Gilbert,6,5,1997,1997,1384,384.0,2.0,161500,Medium
StoneBr,8,5,2000,2000,1652,1494.0,2.0,251000,Large
Gilbert,6,5,1994,1994,1694,392.0,2.0,160000,Large
Gilbert,6,5,1999,2000,1714,923.0,2.0,180000,Large
Gilbert,7,5,1996,1996,1553,691.0,2.0,178750,Large
Gilbert,7,5,1995,1996,1253,1237.0,2.0,176000,Medium
Gilbert,6,5,1999,2003,2299,938.0,2.0,204000,XL
Gilbert,7,5,1992,1993,1187,1168.0,2.0,160000,Medium
Gilbert,7,5,1991,1992,1472,384.0,2.0,160000,Large
Gilbert,7,5,1992,1992,1482,384.0,2.0,163900,Large
Gilbert,6,5,1993,1994,1642,903.0,2.0,168000,Large
Gilbert,6,6,1964,1964,1128,1302.0,2.0,154204,Medium
StoneBr,8,5,1986,1986,1088,1074.0,2.0,170000,Small
StoneBr,7,5,1984,1984,2090,1190.0,2.0,207500,XL
StoneBr,8,5,1988,1988,1179,1166.0,2.0,182000,Medium
StoneBr,8,5,1990,1990,1321,1312.0,2.0,212000,Medium
StoneBr,9,5,2005,2006,1922,1922.0,3.0,377426,XL
StoneBr,8,5,2005,2005,2541,1149.0,3.0,349265,XL
StoneBr,9,5,2006,2007,2338,2660.0,3.0,591587,XL
Gilbert,5,5,1969,1990,1424,1100.0,3.0,155000,Medium
StoneBr,9,5,2006,2006,1612,1612.0,2.0,319900,Large
StoneBr,8,6,2007,2007,1419,1419.0,2.0,392000,Medium
StoneBr,8,5,2006,2006,2234,2220.0,2.0,441929,XL
StoneBr,10,5,2006,2007,2042,1742.0,3.0,455000,XL
NWAmes,6,7,1981,1981,1440,1440.0,2.0,182900,Medium
NWAmes,6,5,1984,1984,1284,1284.0,2.0,174000,Medium
NWAmes,6,7,1984,2003,1868,585.0,2.0,178000,XL
NWAmes,7,7,1981,2003,1479,725.0,2.0,176000,Large
NWAmes,7,6,1978,1985,1664,1529.0,2.0,213000,Large
NWAmes,7,5,1979,1979,1930,780.0,2.0,192000,XL
NWAmes,7,6,1977,1977,1969,808.0,2.0,190000,XL
NWAmes,6,6,1976,1976,2030,848.0,2.0,195000,XL
NWAmes,6,6,1978,1978,1032,1032.0,2.0,148000,Small
NWAmes,6,6,1984,1984,1177,1153.0,2.0,151500,Medium
NWAmes,7,6,1979,1979,1725,539.0,2.0,197000,Large
NWAmes,6,5,1979,1999,1353,1259.0,2.0,192350,Medium
NWAmes,5,5,1969,1969,1620,780.0,2.0,152000,Large
NWAmes,6,5,1971,1971,1220,1625.0,2.0,170000,Medium
NWAmes,5,6,1971,1971,1484,1484.0,2.0,175000,Large
NWAmes,6,6,1968,1968,1743,702.0,2.0,175000,XL
NWAmes,7,7,1976,1976,1935,793.0,2.0,197900,XL
NWAmes,7,6,1976,1976,1324,1228.0,2.0,174000,Medium
NWAmes,6,6,1974,1974,1877,1084.0,2.0,178900,XL
NAmes,5,7,1971,2005,1109,372.0,1.0,139000,Small
NAmes,6,5,1971,1971,981,981.0,2.0,143250,Small
NAmes,7,9,1972,2004,1479,725.0,2.0,184000,Large
NAmes,5,6,1970,1990,1422,925.0,2.0,155000,Medium
NAmes,5,5,1970,2002,914,914.0,1.0,133000,Small
NAmes,5,5,1971,1971,950,950.0,1.0,119500,Small
NAmes,4,5,1971,1971,872,858.0,4.0,123000,Small
NAmes,4,6,1971,1971,858,858.0,1.0,110000,Small
NAmes,4,7,1961,1961,914,914.0,1.0,128000,Small
NAmes,4,6,1971,1971,864,864.0,2.0,120500,Small
NAmes,7,5,1998,1998,767,723.0,1.0,133000,Small
NAmes,6,5,2001,2001,1337,1337.0,2.0,155000,Medium
NAmes,6,5,1997,1998,1337,1405.0,2.0,177000,Medium
BrDale,6,6,1973,1973,1092,525.0,1.0,113500,Small
BrDale,6,5,1973,1973,1218,672.0,1.0,113000,Medium
BrDale,6,5,1973,1973,1218,672.0,1.0,113700,Medium
BrDale,5,5,1970,1970,1302,630.0,2.0,106000,Medium
BrDale,5,5,1971,1971,1365,765.0,2.0,122500,Medium
NPkVill,6,5,1976,1976,958,1078.0,2.0,128000,Small
NPkVill,6,6,1976,1976,1548,804.0,2.0,155000,Large
NPkVill,7,7,1978,1978,1055,1061.0,1.0,142500,Small
NAmes,5,6,1966,1966,988,988.0,1.0,129250,Small
NridgHt,9,5,2006,2007,1816,1790.0,3.0,356000,XL
NridgHt,9,5,2007,2007,1828,1822.0,3.0,314813,XL
NridgHt,8,5,2007,2007,1694,1694.0,3.0,318000,Large
NridgHt,8,5,2006,2007,1694,1694.0,3.0,322400,Large
NridgHt,8,5,2007,2007,1734,1734.0,3.0,318000,Large
NridgHt,8,5,2007,2007,2122,2108.0,3.0,345474,XL
NridgHt,9,5,2006,2007,2121,2121.0,3.0,415298,XL
NridgHt,9,5,2007,2007,2656,1934.0,3.0,492000,XL
NridgHt,8,5,2006,2007,2550,1108.0,3.0,338931,XL
NridgHt,10,5,2005,2006,2046,1994.0,3.0,450000,XL
NridgHt,7,5,2006,2006,2172,1063.0,3.0,280000,XL
NridgHt,9,5,2007,2007,2552,2552.0,3.0,479069,XL
NridgHt,8,5,2006,2006,1973,1935.0,3.0,395000,XL
NridgHt,9,5,2006,2006,2643,2153.0,3.0,380000,XL
NridgHt,8,5,2006,2006,1634,1626.0,3.0,250000,Large
NridgHt,8,5,2006,2007,1976,1976.0,3.0,440000,XL
NridgHt,9,5,2005,2006,2758,1704.0,3.0,418000,XL
NridgHt,10,5,2007,2007,2290,2320.0,3.0,500067,XL
NridgHt,8,5,2007,2008,2152,1582.0,2.0,260116,XL
NridgHt,8,5,2004,2005,2473,1143.0,3.0,317000,XL
NridgHt,8,5,2007,2007,2100,918.0,3.0,319500,XL
NridgHt,8,5,2007,2007,2161,1582.0,3.0,325624,XL
NridgHt,9,5,2006,2006,1802,1802.0,3.0,372000,XL
NridgHt,8,5,2004,2004,2956,1706.0,3.0,342000,XL
NridgHt,8,5,2004,2004,2468,1136.0,3.0,354000,XL
NridgHt,8,5,2003,2003,2385,1317.0,3.0,350000,XL
NridgHt,8,5,2003,2004,2374,1181.0,3.0,285000,XL
NridgHt,8,5,2007,2007,1818,895.0,3.0,281500,XL
NridgHt,7,5,2005,2006,1614,1614.0,3.0,245700,Large
NridgHt,8,5,2005,2005,1721,1721.0,2.0,232698,Large
NridgHt,8,5,2006,2007,1828,1298.0,3.0,250000,XL
NridgHt,6,5,2005,2006,1362,1362.0,2.0,194700,Medium
NridgHt,6,5,2005,2006,1302,1302.0,2.0,204000,Medium
NridgHt,6,5,2005,2006,1302,1302.0,2.0,200000,Medium
NridgHt,6,5,2005,2006,1362,1362.0,2.0,207000,Medium
NridgHt,8,5,2006,2006,1554,1554.0,2.0,209500,Large
NridgHt,8,5,2006,2006,1554,1554.0,2.0,209500,Large
NridgHt,8,5,2006,2006,1370,1370.0,2.0,202500,Medium
NridgHt,9,5,2005,2005,1577,1577.0,2.0,280000,Large
NridgHt,9,5,2005,2005,1561,1561.0,2.0,277500,Large
NridgHt,9,5,2007,2007,1869,1869.0,2.0,318061,XL
NridgHt,8,5,2006,2006,1324,1324.0,2.0,221370,Medium
NridgHt,7,5,2003,2003,1405,1405.0,2.0,200000,Medium
Gilbert,6,5,2007,2007,1496,768.0,2.0,181755,Large
Gilbert,6,5,2005,2006,1536,768.0,2.0,176000,Large
Gilbert,6,5,2005,2007,1484,783.0,2.0,178900,Large
Gilbert,7,5,2006,2007,1458,608.0,2.0,168165,Large
Gilbert,6,5,2006,2006,1495,738.0,2.0,171925,Large
Gilbert,6,5,2006,2007,1746,698.0,3.0,198444,XL
Gilbert,6,5,2005,2005,1326,1326.0,2.0,203000,Medium
Gilbert,7,5,2007,2007,1456,728.0,2.0,179540,Large
Gilbert,7,5,2007,2007,1302,1302.0,2.0,176485,Medium
Gilbert,7,5,2007,2007,1340,1340.0,2.0,181134,Medium
Gilbert,6,5,2006,2007,1412,616.0,2.0,156932,Medium
Gilbert,6,5,2007,2007,1504,752.0,2.0,166000,Large
Gilbert,7,5,2007,2007,1456,728.0,2.0,177594,Large
Gilbert,7,6,2007,2007,1258,1246.0,2.0,173500,Medium
Blmngtn,7,5,2006,2007,1258,1258.0,3.0,172500,Medium
Blmngtn,7,5,2006,2007,1402,1258.0,3.0,194201,Medium
Blmngtn,8,5,2003,2003,1589,1406.0,3.0,226500,Large
Blmngtn,7,5,2007,2007,1266,1266.0,2.0,185485,Medium
Gilbert,7,5,2004,2004,1530,1530.0,3.0,259000,Large
Gilbert,7,5,2004,2005,1119,835.0,2.0,188500,Small
Gilbert,7,5,2004,2004,1374,384.0,2.0,175000,Medium
Gilbert,7,5,2004,2005,1959,847.0,2.0,215000,XL
Gilbert,7,5,2006,2006,1525,1510.0,2.0,206580,Large
Gilbert,7,5,2004,2004,1720,840.0,2.0,183500,Large
Gilbert,7,5,2003,2003,1394,384.0,2.0,165500,Medium
Gilbert,7,5,2003,2003,1948,847.0,2.0,211000,XL
Gilbert,6,5,2000,2000,1690,924.0,2.0,181000,Large
Gilbert,7,5,2002,2002,1995,854.0,2.0,219500,XL
Gilbert,6,5,1999,2000,1647,953.0,2.0,175000,Large
Gilbert,7,5,2000,2000,1430,384.0,2.0,170000,Medium
Gilbert,7,5,2003,2003,1320,660.0,2.0,162000,Medium
Gilbert,6,5,2000,2000,1690,915.0,2.0,187000,Large
Gilbert,6,5,1999,2000,1644,941.0,2.0,185000,Large
NoRidge,10,5,1996,1996,4476,2396.0,3.0,745000,XL
NoRidge,8,5,1997,1998,2551,1779.0,3.0,384500,XL
NoRidge,8,5,2000,2000,2285,969.0,3.0,248000,XL
NoRidge,10,5,2001,2002,2633,2633.0,3.0,466500,XL
NoRidge,9,5,1998,1998,3078,1408.0,3.0,410000,XL
NoRidge,8,5,1998,1999,2582,1389.0,3.0,322500,XL
NoRidge,7,5,1998,1998,2385,1066.0,3.0,252000,XL
NoRidge,10,6,1994,1995,4316,2444.0,3.0,755000,XL
NoRidge,7,5,1996,1997,2013,1117.0,2.0,269790,XL
NoRidge,7,5,1996,1997,2398,1379.0,3.0,315750,XL
NoRidge,7,5,1995,1995,2520,1203.0,3.0,290000,XL
NoRidge,8,5,1995,1995,2531,1318.0,3.0,290000,XL
NoRidge,8,5,1992,1993,3228,3200.0,2.0,430000,XL
NoRidge,8,5,1992,1993,2202,1105.0,2.0,263000,XL
NoRidge,8,5,1996,1997,2538,1325.0,3.0,330000,XL
Somerst,7,6,2007,2007,1369,1369.0,2.0,213133,Medium
Somerst,8,5,2007,2007,1542,1542.0,3.0,260261,Large
Somerst,9,5,2006,2006,1905,1905.0,3.0,320000,XL
Somerst,8,5,2007,2007,1464,1485.0,3.0,282922,Large
Somerst,8,5,2006,2006,1534,1524.0,2.0,215000,Large
Somerst,10,5,2007,2007,1966,1966.0,3.0,419005,XL
Somerst,8,5,2006,2006,1636,1623.0,3.0,255000,Large
Somerst,8,5,2006,2007,1795,1795.0,3.0,147000,XL
Somerst,7,5,2007,2007,1528,1528.0,2.0,235876,Large
Somerst,7,5,2007,2007,1726,1726.0,3.0,311872,Large
Somerst,7,6,2007,2007,1689,1689.0,3.0,248328,Large
Somerst,8,5,2006,2006,1588,1588.0,3.0,227000,Large
Somerst,8,5,2005,2005,1538,1538.0,2.0,260000,Large
Somerst,8,5,2007,2007,1496,1496.0,2.0,225000,Large
Somerst,7,5,2005,2006,1506,1494.0,2.0,249000,Large
Somerst,8,5,2004,2005,1694,1686.0,2.0,307000,Large
Somerst,7,5,2006,2006,1977,982.0,3.0,250000,XL
Somerst,8,5,2006,2006,1830,1302.0,3.0,221300,XL
Somerst,8,5,2007,2007,1338,1338.0,2.0,208900,Medium
Somerst,7,5,2006,2007,1335,1335.0,2.0,210400,Medium
Somerst,8,5,2007,2007,1792,896.0,2.0,255000,XL
Somerst,5,5,2007,2007,1588,725.0,2.0,212109,Large
Somerst,8,5,2006,2006,1959,1088.0,3.0,270000,XL
Somerst,8,5,2007,2007,2610,1184.0,2.0,303477,XL
Somerst,8,5,2007,2007,1880,955.0,3.0,310013,XL
Somerst,8,5,2006,2006,1656,1656.0,3.0,249700,Large
Somerst,7,6,2007,2007,1761,874.0,2.0,227875,XL
Somerst,8,5,2007,2007,1584,1574.0,2.0,261329,Large
Somerst,8,5,2006,2006,1685,1685.0,3.0,253000,Large
Somerst,6,5,2004,2004,2443,1158.0,3.0,265000,XL
Somerst,8,5,2004,2005,2466,1580.0,2.0,340000,XL
SawyerW,6,5,2006,2007,1100,1100.0,0.0,146000,Small
SawyerW,7,5,2006,2006,1143,1143.0,0.0,147000,Medium
SawyerW,5,5,2003,2004,1094,1094.0,2.0,149000,Small
SawyerW,7,5,2006,2006,1486,1461.0,2.0,181000,Large
SawyerW,6,5,1994,1994,1721,928.0,2.0,201000,Large
SawyerW,6,5,1993,1997,1820,864.0,2.0,191750,XL
SawyerW,7,5,2000,2001,1349,1349.0,2.0,179000,Medium
SawyerW,7,5,1998,1998,1494,1482.0,2.0,215000,Large
SawyerW,6,5,1992,1992,1575,1575.0,2.0,179200,Large
SawyerW,6,5,1980,1980,1266,630.0,1.0,128000,Medium
SawyerW,5,7,1983,1983,884,840.0,2.0,144000,Small
SawyerW,5,5,1977,1977,2020,0.0,2.0,144000,XL
Sawyer,5,5,1977,1977,894,894.0,1.0,120750,Small
Sawyer,5,6,1963,1963,970,970.0,2.0,132500,Small
Sawyer,5,5,1962,1962,1057,1057.0,2.0,132000,Small
Sawyer,5,7,1962,2001,999,999.0,1.0,132500,Small
Sawyer,4,5,1961,1961,1120,1040.0,2.0,129000,Small
Sawyer,5,5,1962,1962,1696,1140.0,1.0,143900,Large
Sawyer,5,7,1968,1968,1040,1040.0,2.0,145000,Small
Sawyer,5,5,1961,1961,988,988.0,2.0,128500,Small
Sawyer,5,6,1967,1967,902,876.0,1.0,125500,Small
Veenker,7,5,1990,1990,2503,1223.0,2.0,300000,XL
Veenker,7,7,1974,2003,2167,1192.0,2.0,294000,XL
Sawyer,5,5,1974,1974,1037,1037.0,2.0,129000,Small
Sawyer,5,5,1975,1981,1701,1390.0,2.0,171000,Large
Sawyer,6,7,1973,2006,1055,1044.0,2.0,147000,Small
NoRidge,8,5,1990,1990,2810,1453.0,2.0,302000,XL
NoRidge,8,5,1992,2000,2872,1683.0,2.0,285000,XL
Somerst,8,5,2004,2004,1378,1378.0,2.0,214000,Medium
Somerst,8,5,2006,2007,1151,1141.0,2.0,166000,Medium
Somerst,8,5,2006,2007,1565,1511.0,2.0,193800,Large
Somerst,7,5,2006,2007,1352,1352.0,2.0,208900,Medium
Somerst,7,5,2006,2007,1352,1352.0,2.0,194000,Medium
Somerst,8,5,2006,2007,1550,1550.0,2.0,207500,Large
Somerst,7,5,2006,2007,1241,1241.0,2.0,199900,Medium
Somerst,7,5,2006,2007,1250,625.0,2.0,164700,Medium
Somerst,6,5,1999,1999,1501,744.0,2.0,176500,Large
Somerst,6,5,1999,1999,1458,729.0,2.0,176000,Large
Somerst,6,5,2000,2000,1512,756.0,2.0,168500,Large
Somerst,6,5,2000,2000,1573,756.0,2.0,177000,Large
Somerst,6,5,2000,2000,1525,756.0,2.0,177000,Large
Somerst,7,5,2004,2004,1102,551.0,2.0,148800,Small
Somerst,8,5,1999,2000,1441,776.0,2.0,174000,Medium
Somerst,7,5,1997,1998,1950,975.0,2.0,239000,XL
Somerst,7,5,1999,2000,1358,1339.0,2.0,204000,Medium
Somerst,8,5,2003,2004,2048,1054.0,2.0,301000,XL
Somerst,8,5,1998,1998,2362,1220.0,2.0,312500,XL
Veenker,8,5,1994,1995,1494,1494.0,2.0,279700,Large
Veenker,7,6,1980,1980,2362,2002.0,2.0,255000,XL
Veenker,5,7,1978,1978,1432,1360.0,2.0,194000,Medium
Veenker,5,8,1976,2004,1437,1437.0,2.0,218000,Medium
Greens,8,6,1978,1998,1295,1057.0,2.0,213750,Medium
Veenker,6,7,1976,1994,1855,528.0,2.0,187000,XL
Veenker,6,8,1976,1976,1262,1262.0,2.0,181500,Medium
Veenker,8,5,1981,1981,2497,2461.0,2.0,373000,XL
Sawyer,5,5,1977,1977,2620,1361.0,2.0,190000,XL
Somerst,7,5,2001,2001,1929,1057.0,2.0,226000,XL
NWAmes,6,6,1968,1968,1152,912.0,2.0,143450,Medium
NWAmes,6,6,1970,1970,2411,1008.0,2.0,240050,XL
NWAmes,6,6,1969,1969,1082,973.0,2.0,162500,Small
NWAmes,6,5,1968,1968,1295,1295.0,2.0,164000,Medium
NWAmes,7,7,1972,1987,1610,1124.0,2.0,185000,Large
NWAmes,7,6,1993,1993,1594,1594.0,2.0,188500,Large
NWAmes,7,6,1993,1993,2075,1148.0,2.0,255000,XL
NWAmes,5,6,1976,1976,1680,1680.0,2.0,136905,Large
NWAmes,6,7,1966,1966,1093,1093.0,2.0,158500,Small
NWAmes,7,6,1973,1973,1242,1242.0,2.0,175500,Medium
NWAmes,6,5,1963,1963,1052,1052.0,1.0,127000,Small
NAmes,5,6,1967,1993,1107,949.0,1.0,127000,Small
NAmes,5,5,1967,1967,1214,1214.0,1.0,143000,Medium
NAmes,5,7,1965,1965,1073,1073.0,2.0,156000,Small
NAmes,5,5,1958,1983,1344,1024.0,1.0,144000,Medium
NAmes,5,4,1964,1964,1728,1728.0,1.0,119000,Large
NAmes,4,5,1964,1964,1224,0.0,3.0,103000,Medium
NAmes,5,5,1960,1978,1422,978.0,1.0,139900,Medium
NAmes,6,8,1960,1998,958,958.0,1.0,151500,Small
NAmes,5,5,1960,1960,1065,1065.0,2.0,126500,Small
NAmes,6,8,1958,1958,1138,588.0,1.0,145000,Medium
NAmes,5,7,1958,1985,912,912.0,1.0,120000,Small
NAmes,5,5,1956,1956,1074,894.0,2.0,124000,Small
NAmes,5,7,1959,1959,882,0.0,1.0,106500,Small
NAmes,5,5,1961,1961,1187,864.0,2.0,140500,Medium
NAmes,5,7,1961,1961,964,964.0,2.0,137500,Small
NAmes,5,7,1960,1960,894,894.0,1.0,117600,Small
NAmes,7,6,1966,1966,1200,1174.0,2.0,163500,Medium
NAmes,6,5,1965,1965,1042,1042.0,2.0,161000,Small
NAmes,6,7,1964,1991,1302,1302.0,1.0,158000,Medium
NAmes,6,7,1964,1997,2154,845.0,2.0,224500,XL
NAmes,6,5,1964,1964,1374,1130.0,1.0,147000,Medium
NAmes,6,7,1959,1991,1652,1592.0,2.0,200000,Large
NAmes,6,6,1960,1987,1429,1144.0,2.0,181900,Medium
NAmes,5,6,1959,2002,1327,1063.0,2.0,150750,Medium
NAmes,4,5,1962,1962,1224,0.0,2.0,101800,Medium
NAmes,6,5,1950,1950,932,932.0,1.0,124000,Small
NAmes,5,7,1940,1996,908,822.0,2.0,138500,Small
BrkSide,1,3,1946,1950,334,0.0,0.0,39300,Small
BrkSide,3,3,1946,1950,666,666.0,0.0,64500,Small
BrkSide,3,5,1945,1950,670,370.0,0.0,64000,Small
BrkSide,5,8,1958,2000,808,808.0,1.0,112000,Small
NAmes,6,6,1964,1978,1977,816.0,2.0,165000,XL
NAmes,5,6,1955,1955,1150,1078.0,1.0,144000,Medium
NAmes,5,5,1948,1950,1920,928.0,2.0,137000,XL
NAmes,5,5,1941,1950,1376,768.0,1.0,105000,Medium
NAmes,5,7,1942,1995,1644,728.0,1.0,146500,Large
NAmes,5,5,1968,1968,1560,1560.0,3.0,126000,Large
NAmes,5,6,1966,1966,1280,793.0,2.0,175000,Medium
NAmes,6,5,1961,1961,1254,1218.0,2.0,158500,Medium
NAmes,5,5,1958,1958,912,912.0,1.0,114500,Small
NAmes,5,5,1958,1958,1524,874.0,1.0,144000,Large
NAmes,6,5,1965,1979,2380,1021.0,2.0,129000,XL
NAmes,6,7,1957,1999,936,936.0,1.0,141000,Small
NAmes,5,6,1956,1956,1008,1008.0,1.0,131000,Small
NAmes,5,7,1963,1963,1053,1053.0,2.0,142100,Small
NAmes,5,6,1958,1992,1056,1056.0,1.0,139000,Small
NAmes,6,6,1958,1958,1442,1442.0,1.0,157900,Medium
NAmes,5,7,1954,2005,1056,1056.0,1.0,139400,Small
NAmes,6,6,1957,1957,1244,1244.0,1.0,150000,Medium
NAmes,5,5,1960,1960,1144,1144.0,1.0,120000,Medium
NAmes,6,6,1957,1969,1721,1331.0,2.0,174850,Large
NAmes,5,5,1957,1957,922,922.0,1.0,116000,Small
NAmes,5,5,1956,1956,1048,1048.0,1.0,135000,Small
NAmes,6,3,1970,1970,1657,1657.0,2.0,163500,Large
NAmes,5,6,1955,1975,1411,1204.0,1.0,130000,Medium
NAmes,5,5,1955,1955,1216,1216.0,1.0,129500,Medium
NAmes,5,9,1953,2006,1154,864.0,1.0,142000,Medium
NAmes,5,5,1958,1958,1560,1560.0,2.0,128600,Large
NAmes,6,6,1952,1952,948,948.0,2.0,125000,Small
NAmes,6,7,1953,1953,1040,1040.0,1.0,136000,Small
NAmes,5,7,1953,2006,1008,1008.0,1.0,134500,Small
NAmes,5,8,1956,2003,925,925.0,1.0,127000,Small
NAmes,5,5,1955,1955,1360,384.0,2.0,130000,Medium
NAmes,4,4,1955,1955,1540,1190.0,1.0,115000,Large
NAmes,5,5,1955,1955,925,923.0,1.0,116900,Small
NAmes,5,7,1956,2000,928,928.0,1.0,132000,Small
NAmes,4,6,1953,1953,1647,1105.0,1.0,153000,Large
OldTown,5,5,1952,1952,924,924.0,1.0,112500,Small
OldTown,4,7,1890,2006,1544,925.0,0.0,138000,Large
NAmes,5,7,1949,2003,893,845.0,2.0,135000,Small
NAmes,5,6,1953,2004,1728,1216.0,1.0,156000,Large
NAmes,5,4,1935,2007,3086,666.0,3.0,301600,XL
OldTown,5,6,1940,1950,1034,735.0,1.0,109000,Small
OldTown,4,6,1956,1956,882,882.0,0.0,103200,Small
OldTown,4,7,1925,1993,1281,1151.0,2.0,128500,Medium
OldTown,4,6,1927,2007,968,656.0,1.0,64500,Small
OldTown,5,9,1895,1999,1534,736.0,0.0,148000,Large
OldTown,5,6,1920,1950,691,691.0,1.0,86000,Small
NAmes,7,5,1963,1999,1651,725.0,1.0,172000,Large
NAmes,5,7,1961,1961,888,920.0,1.0,120000,Small
NAmes,6,6,1968,1968,952,952.0,1.0,128500,Small
NAmes,5,5,1969,1969,2080,1040.0,2.0,135000,XL
NAmes,5,7,1949,2006,924,672.0,2.0,122900,Small
NAmes,6,5,1948,1950,1082,1082.0,1.0,119200,Small
NAmes,6,6,1949,1950,1846,1040.0,1.0,143000,XL
NAmes,5,7,1950,1950,988,876.0,1.0,119000,Small
NAmes,5,3,1950,1950,1238,864.0,1.0,102000,Medium
NAmes,5,8,1950,2002,864,864.0,2.0,129000,Small
NAmes,5,7,1960,2002,1134,1010.0,1.0,135000,Medium
NAmes,5,7,1959,2003,1040,1040.0,1.0,152000,Small
NAmes,5,6,1958,1958,1170,1170.0,1.0,140000,Medium
NAmes,5,5,1960,1960,1242,1242.0,1.0,152000,Medium
NAmes,5,5,1960,1960,1377,1377.0,1.0,156500,Medium
NAmes,5,4,1961,1961,1800,1800.0,0.0,141000,XL
NAmes,5,6,1961,1961,925,0.0,1.0,99000,Small
NAmes,6,8,1964,1993,1851,822.0,2.0,187000,XL
NAmes,5,5,1962,1962,1812,864.0,1.0,169500,XL
NAmes,5,5,1962,1962,864,864.0,1.0,125500,Small
NAmes,5,5,1962,1962,936,896.0,1.0,130000,Small
OldTown,5,7,1926,1980,960,850.0,2.0,103000,Small
OldTown,5,7,1910,2002,1432,264.0,2.0,132000,Medium
OldTown,6,6,1927,1950,1296,845.0,2.0,127500,Medium
OldTown,5,5,1922,1950,1022,1022.0,1.0,89500,Small
OldTown,5,5,1980,1980,936,936.0,2.0,140000,Small
OldTown,5,6,1920,1990,967,967.0,1.0,99900,Small
OldTown,4,7,1885,1995,1047,641.0,1.0,100000,Small
OldTown,5,8,1940,1950,1072,808.0,2.0,130000,Small
OldTown,5,8,1900,2006,1174,680.0,2.0,135000,Medium
OldTown,3,7,1948,2002,1183,649.0,1.0,120000,Medium
OldTown,4,7,1937,2000,1131,907.0,2.0,89471,Medium
OldTown,4,6,1900,1950,1141,570.0,1.0,85000,Medium
OldTown,4,4,1920,1950,960,960.0,1.0,108500,Small
OldTown,4,8,1900,1950,1798,1075.0,2.0,137000,XL
OldTown,5,9,1945,1997,866,686.0,0.0,110500,Small
OldTown,5,6,1923,2006,968,968.0,2.0,100000,Small
OldTown,8,9,1910,1999,1772,725.0,2.0,184900,XL
OldTown,6,6,1927,1950,1642,728.0,1.0,145000,Large
OldTown,5,8,1925,1994,1472,702.0,1.0,125000,Large
OldTown,5,7,1910,1950,1232,616.0,2.0,114000,Medium
OldTown,5,5,1900,1950,2337,662.0,2.0,90000,XL
OldTown,6,8,1910,1990,1650,926.0,2.0,144100,Large
OldTown,6,4,1880,1950,2210,1008.0,1.0,117500,XL
OldTown,5,7,1930,2005,1358,687.0,1.0,124500,Medium
OldTown,7,8,1879,1987,2454,819.0,2.0,185000,XL
OldTown,6,6,1910,1998,2291,1214.0,2.0,133900,XL
OldTown,6,7,1926,2004,1616,1149.0,1.0,152000,Large
OldTown,5,6,1948,1973,1559,1559.0,2.0,153500,Large
OldTown,7,8,1890,1998,2554,718.0,2.0,159500,XL
OldTown,5,5,1930,1950,1248,912.0,1.0,87000,Medium
OldTown,4,6,1956,1956,968,0.0,1.0,104500,Small
OldTown,4,7,1949,2002,1382,0.0,1.0,110000,Medium
BrkSide,5,7,1925,1994,1060,756.0,1.0,136500,Small
BrkSide,5,6,1950,1950,1435,910.0,1.0,128250,Medium
BrkSide,5,5,1920,1950,1167,915.0,2.0,144000,Medium
BrkSide,6,7,1923,1950,1635,1065.0,2.0,210000,Large
BrkSide,5,7,1939,1998,1274,728.0,1.0,135000,Medium
BrkSide,6,6,1939,1950,1232,600.0,1.0,128000,Medium
BrkSide,6,6,1941,1950,1218,735.0,2.0,131000,Medium
BrkSide,5,7,1939,1950,884,884.0,1.0,113000,Small
BrkSide,6,5,1938,1950,1409,861.0,2.0,126000,Medium
BrkSide,5,8,1939,1952,1322,672.0,1.0,132000,Medium
BrkSide,5,7,1930,1992,1426,966.0,1.0,131750,Medium
BrkSide,5,6,1926,1950,1281,756.0,2.0,132500,Medium
BrkSide,5,8,1920,2004,1513,939.0,1.0,137500,Large
BrkSide,7,8,1929,2001,854,832.0,2.0,132000,Small
BrkSide,6,6,1931,1950,1367,884.0,1.0,127500,Medium
BrkSide,6,5,1926,1950,986,960.0,1.0,102000,Small
OldTown,6,8,1918,1995,2264,1100.0,1.0,200000,XL
BrkSide,6,6,1919,1950,1824,764.0,2.0,180500,XL
BrkSide,6,7,1920,1950,1376,768.0,2.0,165000,Medium
BrkSide,5,5,1926,1950,1316,750.0,2.0,90000,Medium
BrkSide,6,7,1915,2003,1396,698.0,1.0,153575,Medium
OldTown,7,6,1929,1990,1344,672.0,2.0,140000,Medium
OldTown,6,7,1916,1950,2526,714.0,1.0,136000,XL
OldTown,5,4,1901,1950,1173,592.0,1.0,113000,Medium
OldTown,5,3,1901,1950,1214,969.0,1.0,117000,Medium
IDOTRR,7,4,1931,1950,1818,1040.0,1.0,169500,XL
IDOTRR,7,7,1930,1950,1108,637.0,1.0,139400,Small
IDOTRR,6,6,1963,1963,2294,741.0,2.0,202500,XL
IDOTRR,6,7,1914,2006,1355,684.0,0.0,127000,Medium
IDOTRR,6,6,1937,1950,1375,780.0,1.0,141000,Medium
IDOTRR,7,9,1950,2005,1952,976.0,1.0,212300,XL
IDOTRR,6,5,1915,1950,2180,1138.0,2.0,161000,XL
IDOTRR,4,6,1958,1958,1315,808.0,2.0,99500,Medium
IDOTRR,5,7,1920,1996,1111,530.0,1.0,101000,Small
IDOTRR,4,7,1916,1990,1196,1196.0,2.0,109900,Medium
OldTown,5,6,1941,1950,1382,720.0,2.0,128500,Medium
OldTown,7,4,1910,1950,1889,925.0,1.0,122000,XL
OldTown,5,7,1930,1950,840,672.0,0.0,87000,Small
IDOTRR,4,1,1910,1950,1484,771.0,1.0,50000,Large
Sawyer,7,8,1937,1980,2267,1005.0,2.0,219000,XL
ClearCr,5,6,1946,1994,3086,1598.0,0.0,200500,XL
Edwards,5,6,1940,1950,1134,756.0,1.0,126000,Medium
SWISU,5,6,1942,1979,1282,672.0,1.0,108500,Medium
Sawyer,5,5,1963,1963,999,925.0,1.0,130000,Small
Sawyer,5,5,1964,1980,1452,1420.0,2.0,158450,Large
Sawyer,4,3,1964,1964,1005,1005.0,2.0,115400,Small
Sawyer,4,5,1961,1961,1029,1029.0,1.0,118500,Small
Sawyer,5,8,1964,2001,1020,980.0,2.0,165000,Small
Sawyer,5,4,1966,1966,1040,1040.0,1.0,123000,Small
Sawyer,6,5,1966,1966,913,814.0,1.0,129000,Small
Sawyer,5,5,1966,1966,894,894.0,1.0,125000,Small
Sawyer,5,5,1968,1968,948,948.0,1.0,108000,Small
Sawyer,5,6,1971,1990,868,768.0,2.0,119900,Small
Sawyer,5,5,1968,1968,897,876.0,1.0,115000,Small
Sawyer,5,5,1967,1967,943,943.0,2.0,134500,Small
Sawyer,5,7,1966,1966,955,955.0,1.0,127000,Small
Sawyer,5,5,1968,1968,894,894.0,2.0,129000,Small
Sawyer,6,5,1977,1977,1285,660.0,2.0,143500,Medium
Sawyer,5,7,1966,1966,912,912.0,1.0,129000,Small
Sawyer,5,5,1956,1998,1375,1240.0,1.0,187000,Medium
Sawyer,5,4,1920,1996,2654,671.0,2.0,158000,XL
Sawyer,5,7,1918,2007,1416,816.0,2.0,112000,Medium
Sawyer,7,8,1940,1998,1302,680.0,1.0,165250,Medium
Sawyer,6,5,1954,1995,1299,967.0,2.0,150000,Medium
Sawyer,5,6,1958,1998,1176,1158.0,1.0,137000,Medium
Sawyer,4,7,1945,1950,998,0.0,2.0,89500,Small
ClearCr,7,5,1971,2002,1824,1643.0,2.0,302000,XL
ClearCr,6,5,1984,1984,1522,1190.0,2.0,182000,Large
ClearCr,6,5,1988,1989,2060,1151.0,2.0,211000,XL
Edwards,5,7,1948,2005,1325,409.0,2.0,216000,Medium
Edwards,5,5,1953,1953,1630,1073.0,2.0,130000,Large
Edwards,4,5,1946,1950,1242,484.0,1.0,109900,Medium
ClearCr,6,7,1954,1994,2422,1288.0,2.0,255000,XL
Edwards,6,7,1950,2001,2158,1202.0,2.0,243000,XL
Edwards,6,6,1954,1954,1626,988.0,1.0,154000,Large
SWISU,5,5,1958,1958,864,864.0,1.0,118000,Small
Edwards,4,5,1958,1994,943,0.0,1.0,80000,Small
Edwards,4,3,1977,1977,1440,1440.0,0.0,150000,Medium
Edwards,4,7,1920,2002,605,528.0,0.0,86000,Small
Edwards,5,6,1984,1984,1038,1038.0,1.0,130000,Small
Edwards,5,6,1951,1951,1342,1342.0,1.0,125000,Medium
Edwards,5,6,1951,1994,1480,1080.0,1.0,136500,Large
Edwards,4,5,1920,1950,1362,951.0,1.0,96000,Medium
Edwards,5,6,1957,2006,1340,0.0,1.0,120000,Medium
SawyerW,6,5,1984,1984,1822,1105.0,2.0,228500,XL
SawyerW,7,5,1990,1991,1442,910.0,2.0,179900,Medium
SawyerW,7,5,1990,1991,2243,700.0,3.0,225000,XL
SawyerW,7,5,1986,1987,2730,1502.0,2.0,301000,XL
SawyerW,7,5,1991,1991,2127,1104.0,3.0,238000,XL
SawyerW,7,6,1989,1989,1982,807.0,2.0,228500,XL
SawyerW,7,5,1994,2001,1958,779.0,2.0,220000,XL
CollgCr,7,5,2007,2007,2696,1264.0,3.0,383970,XL
CollgCr,8,5,2006,2007,2828,1466.0,3.0,424870,XL
CollgCr,8,5,2007,2007,1651,1643.0,3.0,250000,Large
CollgCr,8,5,2006,2007,2140,2140.0,3.0,360000,XL
CollgCr,7,5,2006,2007,1494,1494.0,3.0,279500,Large
CollgCr,7,5,2007,2007,1316,1316.0,2.0,200141,Medium
CollgCr,8,5,2007,2007,1651,1643.0,3.0,246500,Large
CollgCr,8,5,2007,2007,2574,1482.0,3.0,276000,XL
CollgCr,7,5,2005,2007,1274,1274.0,2.0,203000,Medium
CollgCr,7,5,2006,2006,1456,728.0,2.0,155835,Large
CollgCr,7,5,2006,2006,1240,1240.0,3.0,194000,Medium
CollgCr,7,5,2007,2007,1208,1208.0,2.0,195400,Medium
CollgCr,7,5,2005,2006,1546,1546.0,3.0,217000,Large
CollgCr,8,5,2006,2006,1500,1489.0,2.0,212999,Large
CollgCr,7,5,2005,2006,1270,1270.0,2.0,175900,Medium
CollgCr,7,5,2005,2006,1795,879.0,2.0,191000,XL
CollgCr,6,5,2006,2006,1314,1314.0,2.0,176432,Medium
SawyerW,7,5,1988,1989,2062,1157.0,2.0,277000,XL
SawyerW,7,5,1988,1988,1873,929.0,2.0,207000,XL
ClearCr,6,7,1958,2006,2144,1444.0,2.0,277000,XL
ClearCr,6,5,1992,1992,1953,1580.0,2.0,240000,XL
ClearCr,6,8,1966,2007,2087,832.0,2.0,187500,XL
ClearCr,8,6,1976,1976,1743,966.0,2.0,279000,XL
CollgCr,5,5,1994,1994,1022,1022.0,2.0,139500,Small
CollgCr,5,5,1994,1994,990,990.0,1.0,126000,Small
CollgCr,6,5,1995,1995,1200,1200.0,2.0,177500,Medium
CollgCr,6,6,1997,2006,1308,635.0,2.0,175000,Medium
CollgCr,6,5,1998,1998,1796,794.0,2.0,211000,XL
CollgCr,5,7,1994,1994,990,990.0,1.0,146000,Small
CollgCr,5,5,1996,1996,1097,1097.0,1.0,147900,Small
CollgCr,4,5,1994,1995,990,990.0,0.0,123600,Small
CollgCr,6,5,1997,1997,1786,824.0,2.0,204750,XL
CollgCr,7,5,1999,1999,1873,988.0,2.0,235500,XL
CollgCr,7,5,1998,1999,1753,853.0,2.0,217000,XL
CollgCr,7,5,2001,2001,1690,845.0,2.0,190550,Large
CollgCr,7,5,2000,2000,1842,985.0,2.0,217500,XL
CollgCr,7,5,2003,2003,1479,1453.0,2.0,226000,Large
CollgCr,7,5,2003,2003,1668,840.0,2.0,180000,Large
CollgCr,5,5,1974,1974,894,864.0,2.0,131000,Small
CollgCr,5,5,1976,1976,1025,1015.0,2.0,153500,Small
CollgCr,5,7,1977,1977,1009,995.0,2.0,160000,Small
CollgCr,5,5,1977,1977,1040,1040.0,2.0,134900,Small
CollgCr,5,4,1977,1977,907,876.0,1.0,130000,Small
CollgCr,5,6,1975,1975,879,864.0,2.0,120000,Small
CollgCr,5,5,1972,1972,882,882.0,2.0,112500,Small
CollgCr,5,6,1975,1975,969,969.0,2.0,122000,Small
CollgCr,5,5,1972,2000,864,864.0,2.0,127000,Small
CollgCr,4,8,1972,2006,875,385.0,2.0,117000,Small
CollgCr,8,5,2004,2005,2000,2000.0,3.0,305900,XL
CollgCr,8,5,2002,2002,2169,1284.0,2.0,228500,XL
CollgCr,7,5,2000,2000,1673,1673.0,2.0,270000,Large
CollgCr,7,5,2002,2002,1459,1459.0,2.0,192000,Large
CollgCr,7,5,2003,2003,1932,979.0,2.0,213000,XL
CollgCr,7,5,2002,2002,1729,860.0,2.0,200000,Large
CollgCr,8,5,1998,1999,2452,1028.0,2.0,267000,XL
CollgCr,8,5,1994,1995,1592,1556.0,2.0,228000,Large
CollgCr,8,5,2001,2001,2439,1531.0,2.0,275000,XL
CollgCr,7,5,1996,2002,1992,860.0,2.0,211000,XL
CollgCr,9,5,2002,2002,1668,1626.0,3.0,285000,Large
CollgCr,8,5,1995,1996,2090,1220.0,2.0,240000,XL
CollgCr,6,5,2003,2003,848,848.0,2.0,131500,Small
CollgCr,8,5,1999,2000,1341,1341.0,2.0,246900,Medium
CollgCr,7,5,2003,2004,1928,847.0,2.0,219500,XL
CollgCr,7,5,2003,2003,1337,1337.0,2.0,185000,Medium
CollgCr,7,5,2007,2007,1476,738.0,2.0,179400,Large
CollgCr,7,5,2006,2006,1797,939.0,2.0,213500,XL
CollgCr,7,5,2004,2004,1422,1422.0,2.0,179600,Medium
CollgCr,7,5,2005,2005,1190,1169.0,2.0,173500,Medium
CollgCr,6,5,2006,2007,1330,1330.0,2.0,167840,Medium
CollgCr,7,5,2006,2006,1491,738.0,2.0,168675,Large
CollgCr,5,5,2005,2005,1536,768.0,2.0,167000,Large
Edwards,5,7,1965,1965,1214,1214.0,2.0,140000,Medium
Edwards,5,5,1967,1967,936,936.0,1.0,118500,Small
Edwards,4,6,1963,1963,1088,1088.0,2.0,110000,Small
Edwards,4,5,1965,1965,960,960.0,1.0,94750,Small
Edwards,5,6,1925,1950,1351,901.0,2.0,122000,Medium
Edwards,6,6,1960,1960,1179,1179.0,2.0,110000,Medium
Edwards,6,5,1990,1990,816,816.0,0.0,118500,Small
Edwards,6,6,1976,1976,1044,960.0,2.0,133500,Small
Edwards,6,7,1976,1976,1113,1143.0,1.0,148000,Small
Edwards,5,6,1979,1979,2233,0.0,2.0,141000,XL
Edwards,5,5,2006,2007,1125,1125.0,2.0,155000,Small
Edwards,5,5,2005,2006,1090,1090.0,2.0,157000,Small
Edwards,5,5,2005,2006,1408,734.0,2.0,171500,Medium
Edwards,10,5,2008,2009,5095,5095.0,3.0,183850,XL
Edwards,10,5,2007,2008,4676,3138.0,3.0,184750,XL
Edwards,6,5,2005,2005,1072,547.0,2.0,140000,Small
Edwards,5,7,1959,2000,960,960.0,1.0,131750,Small
Edwards,4,3,1955,1955,1152,0.0,0.0,61500,Medium
Edwards,4,5,1954,1954,948,864.0,1.0,111000,Small
Edwards,5,6,1946,1950,1195,1195.0,0.0,98500,Medium
Edwards,3,6,1931,2006,774,544.0,0.0,79000,Small
Edwards,6,8,1920,1995,865,660.0,1.0,108500,Small
Edwards,4,5,1954,1954,894,894.0,2.0,110000,Small
Edwards,4,7,1910,2000,1346,560.0,1.0,112000,Medium
Edwards,4,5,1955,1955,768,768.0,1.0,125000,Small
Edwards,4,5,1955,1955,864,864.0,2.0,79275,Small
Edwards,4,6,1954,1954,948,948.0,1.0,119000,Small
SWISU,6,7,1914,1995,3395,1440.0,0.0,200000,XL
SWISU,5,6,1923,1950,2592,1296.0,0.0,150000,XL
Crawfor,6,7,1923,1996,1502,602.0,1.0,165000,Large
Crawfor,5,5,1926,1950,789,768.0,1.0,96500,Small
Crawfor,5,5,1926,1950,1422,1290.0,1.0,136500,Medium
Crawfor,6,7,1921,2005,1298,651.0,1.0,146500,Medium
SWISU,5,7,1937,1950,1768,731.0,1.0,175000,XL
Crawfor,7,8,1930,1995,1098,531.0,1.0,148500,Small
Crawfor,6,7,1921,1950,1436,585.0,1.0,141500,Medium
Crawfor,7,8,1918,1998,1426,912.0,1.0,189950,Medium
Crawfor,6,8,1926,1991,1461,686.0,1.0,135000,Large
Crawfor,7,5,1941,1950,1646,918.0,1.0,164000,Large
Crawfor,5,6,1913,2002,694,440.0,1.0,90350,Small
Crawfor,5,6,1910,2003,1250,661.0,2.0,139000,Medium
Crawfor,5,7,1938,1950,954,920.0,1.0,119750,Small
Crawfor,6,6,1946,1950,1958,979.0,2.0,145000,XL
Crawfor,5,6,1949,1950,2002,1001.0,3.0,145000,XL
Crawfor,7,7,1927,1992,1718,851.0,2.0,238000,Large
Crawfor,5,5,1951,1951,1226,0.0,2.0,153500,Medium
Crawfor,6,6,1918,1950,2624,1370.0,3.0,239000,XL
Crawfor,8,6,1934,1998,3194,965.0,2.0,359100,XL
Crawfor,4,6,1930,2003,1755,930.0,1.0,188000,XL
Crawfor,6,7,1932,1950,1991,854.0,2.0,220000,XL
Crawfor,5,5,1941,1950,1355,728.0,2.0,140000,Medium
Crawfor,8,8,1932,1994,2727,853.0,2.0,315000,XL
Crawfor,6,8,1945,2002,2320,1028.0,1.0,259500,XL
Crawfor,6,7,1957,2004,1839,1477.0,2.0,257500,XL
Crawfor,7,6,1940,1984,1740,800.0,1.0,219500,Large
Crawfor,6,5,1953,1953,2259,1809.0,2.0,217000,XL
Crawfor,6,4,1960,1960,1560,1560.0,2.0,201000,Large
Crawfor,6,6,1968,1968,1488,1488.0,2.0,215000,Large
Blueste,6,6,1980,1980,1045,516.0,2.0,123900,Small
Crawfor,4,5,1995,1996,1680,1680.0,2.0,170000,Large
Blueste,8,5,1988,1988,1020,1004.0,2.0,200000,Small
Crawfor,7,5,1971,1971,1696,1696.0,2.0,198000,Large
Crawfor,6,3,1957,1975,2515,2035.0,2.0,200624,XL
Crawfor,8,5,1986,1986,2726,279.0,2.0,315000,XL
IDOTRR,5,7,1919,2005,1517,793.0,0.0,115000,Large
IDOTRR,6,7,1940,1950,1215,720.0,2.0,141000,Medium
IDOTRR,5,6,1941,1950,803,720.0,2.0,87000,Small
IDOTRR,5,7,1925,2003,1601,936.0,0.0,129850,Large
IDOTRR,4,5,1939,1950,1123,732.0,1.0,100000,Small
IDOTRR,5,6,1923,1999,1828,859.0,2.0,150909,XL
IDOTRR,5,7,1922,1950,816,816.0,1.0,75200,Small
IDOTRR,6,5,1920,1950,1012,1012.0,1.0,118400,Small
IDOTRR,5,2,1920,1950,1077,961.0,1.0,67000,Small
IDOTRR,5,5,1950,1950,1558,910.0,1.0,152000,Large
IDOTRR,2,4,1939,1950,845,0.0,1.0,68104,Small
IDOTRR,5,6,1895,2006,1991,957.0,0.0,119600,XL
IDOTRR,4,6,1957,1980,1073,1073.0,2.0,140000,Small
IDOTRR,5,9,1930,2007,1001,837.0,1.0,124900,Small
Crawfor,8,5,2006,2007,1625,1573.0,2.0,375000,Large
Crawfor,8,5,2006,2007,1625,1573.0,2.0,235000,Large
Mitchel,6,6,1979,1979,1299,1001.0,2.0,183500,Medium
Mitchel,6,6,1978,1978,912,888.0,2.0,156000,Small
Mitchel,6,5,1983,1983,1080,1084.0,2.0,134000,Small
Mitchel,5,5,2002,2002,1392,1441.0,3.0,215000,Medium
Mitchel,7,5,2002,2002,1409,1409.0,2.0,245000,Medium
Mitchel,7,5,1991,1992,1478,1454.0,2.0,210000,Large
Mitchel,7,6,1975,1975,918,852.0,1.0,148000,Small
Mitchel,6,6,1974,1974,1026,970.0,2.0,143000,Small
Timber,7,6,1987,1987,1501,1501.0,2.0,244000,Large
GrnHill,7,5,1998,1998,1502,1502.0,1.0,330000,Large
Timber,5,6,1959,1959,1328,1350.0,1.0,170000,Medium
Timber,6,8,1958,1995,2279,585.0,2.0,257000,XL
Timber,7,5,2006,2007,1689,1689.0,2.0,231713,Large
Timber,8,5,2006,2007,1564,1546.0,2.0,267300,Large
Timber,8,5,2006,2006,1484,1476.0,2.0,265900,Large
Timber,8,5,2007,2007,1571,1571.0,3.0,239000,Large
Timber,8,5,2006,2007,1646,1638.0,3.0,248900,Large
Timber,7,7,1985,1985,1240,1265.0,2.0,174000,Medium
Timber,7,5,1990,1991,1717,1156.0,2.0,187500,Large
Timber,6,5,1996,1997,1756,872.0,2.0,204000,XL
Timber,8,5,2001,2001,1312,1267.0,2.0,180500,Medium
Timber,7,5,2003,2003,1146,868.0,2.0,187500,Medium
Timber,8,5,2002,2002,1922,1922.0,3.0,282000,XL
Timber,6,5,1996,1996,1491,1491.0,2.0,178000,Large
Timber,8,5,2002,2003,1629,1616.0,3.0,270000,Large
Timber,7,5,2003,2004,2486,1122.0,2.0,279900,XL
Timber,5,4,1963,1963,1572,1572.0,3.0,186700,Large
Timber,8,5,2006,2007,1776,1732.0,3.0,283463,XL
Timber,10,5,2006,2007,1824,1824.0,3.0,392000,XL
Timber,8,5,2005,2006,2482,1094.0,3.0,281213,XL
Mitchel,5,5,2007,2007,1120,1120.0,0.0,147000,Small
Mitchel,3,5,1953,1953,2034,0.0,4.0,130000,XL
Mitchel,6,5,1996,1997,936,920.0,2.0,140000,Small
Mitchel,4,5,1963,1963,1040,1064.0,2.0,132250,Small
Mitchel,5,4,1967,1967,1632,1632.0,2.0,143000,Large
Mitchel,4,4,1961,1975,1622,1249.0,4.0,168000,Large
MeadowV,5,7,1976,1976,1060,1040.0,2.0,129900,Small
MeadowV,5,5,1976,1976,1142,1142.0,2.0,134000,Medium
MeadowV,4,4,1972,1972,1092,546.0,1.0,85500,Small
MeadowV,4,5,1970,1970,992,530.0,1.0,106500,Small
MeadowV,4,6,1970,1970,1092,546.0,0.0,93900,Small
MeadowV,4,5,1970,1970,1092,546.0,1.0,75000,Small
MeadowV,4,6,1970,1970,630,630.0,0.0,84500,Small
MeadowV,4,3,1976,1976,1092,546.0,1.0,75190,Small
Mitchel,6,5,1976,1976,1062,1029.0,2.0,146800,Small
Mitchel,5,5,1977,1977,1008,923.0,2.0,153500,Small
Mitchel,6,6,1977,1977,1356,1244.0,2.0,188000,Medium
Mitchel,5,6,1977,1994,1676,1160.0,2.0,196000,Large
Mitchel,5,7,1977,1977,1432,716.0,2.0,157000,Medium
Mitchel,5,7,1971,1971,796,796.0,0.0,138000,Small
Mitchel,5,7,1970,1970,768,768.0,2.0,129500,Small
Mitchel,4,3,1961,1961,1608,1396.0,1.0,80000,Large
Mitchel,4,6,1982,2006,845,845.0,2.0,129500,Small
Mitchel,5,6,1976,2003,1178,1090.0,2.0,135000,Medium
Mitchel,5,7,1982,1982,816,816.0,1.0,124500,Small
Mitchel,5,7,1983,1983,816,816.0,1.0,139000,Small
Mitchel,5,5,1991,1992,974,974.0,0.0,93500,Small
Mitchel,5,6,1984,1984,887,864.0,1.0,124500,Small
NAmes,6,5,1954,1954,1293,1178.0,2.0,149900,Medium
NAmes,6,6,1956,1956,1024,1008.0,1.0,157500,Small
NAmes,5,5,1957,1957,1797,1617.0,3.0,169000,XL
NAmes,6,6,1957,1957,1390,1705.0,2.0,252000,Medium
NAmes,7,6,1969,1969,1851,1851.0,2.0,192100,XL
Gilbert,6,5,1997,1998,1525,813.0,2.0,183500,Large
Gilbert,7,5,1997,1997,2236,964.0,2.0,222000,XL
Gilbert,6,5,1995,1995,1671,781.0,2.0,170000,Large
Gilbert,6,5,1995,1996,1498,691.0,2.0,187500,Large
Gilbert,6,5,1996,1996,1776,821.0,2.0,202000,XL
Gilbert,6,5,1997,1997,1511,802.0,2.0,185000,Large
Gilbert,7,5,2005,2006,2462,1392.0,2.0,320000,XL
Gilbert,7,5,2006,2006,1670,1670.0,3.0,240000,Large
Gilbert,8,5,2005,2005,2064,1074.0,2.0,250000,XL
Gilbert,8,5,2005,2005,1801,893.0,3.0,239900,XL
Gilbert,7,5,2005,2006,2212,1700.0,3.0,309000,XL
Gilbert,7,5,2006,2006,2021,868.0,2.0,274725,XL
StoneBr,8,5,1994,1994,2687,2062.0,2.0,270000,XL
Gilbert,6,6,1993,1994,1169,1160.0,2.0,183500,Medium
Gilbert,6,5,1993,1994,1501,697.0,2.0,165600,Large
Gilbert,7,5,1998,1998,1632,935.0,2.0,176500,Large
StoneBr,8,5,1987,1987,1204,1191.0,2.0,130000,Medium
StoneBr,7,7,1987,1987,1767,1064.0,2.0,239000,XL
StoneBr,8,5,1985,1985,1742,1742.0,2.0,275000,Large
StoneBr,9,5,2005,2006,2798,1398.0,3.0,457347,XL
StoneBr,10,5,2006,2006,3390,1528.0,3.0,545224,XL
StoneBr,9,5,2006,2006,2473,1094.0,3.0,356383,XL
StoneBr,9,5,2005,2006,2868,1992.0,3.0,556581,XL
StoneBr,8,5,2006,2006,2576,1234.0,3.0,361919,XL
StoneBr,10,5,2006,2006,2698,1850.0,3.0,535000,XL
StoneBr,9,5,2005,2006,2795,1390.0,3.0,401179,XL
StoneBr,10,5,2006,2006,2945,1410.0,3.0,438780,XL
Gilbert,5,6,1948,1950,2320,0.0,2.0,169000,XL
Gilbert,5,5,1955,1955,1056,1056.0,2.0,145000,Small
StoneBr,9,5,2005,2005,1714,1714.0,2.0,318000,Large
StoneBr,8,5,2005,2006,1826,1814.0,3.0,319000,XL
StoneBr,9,5,2005,2005,2000,1910.0,3.0,470000,XL
NWAmes,7,7,1984,1998,1621,1208.0,2.0,202500,Large
NWAmes,7,5,1988,1988,2183,1204.0,3.0,229000,XL
NWAmes,7,7,1977,1994,2263,795.0,2.0,235000,XL
NWAmes,6,5,1976,1976,1574,796.0,2.0,190000,Large
NWAmes,6,6,1980,1980,1102,988.0,2.0,169000,Small
NWAmes,7,5,1988,1988,1872,1845.0,2.0,241500,XL
NWAmes,7,5,1978,1978,1857,945.0,2.0,188900,XL
NWAmes,6,6,1980,1980,1686,1686.0,2.0,207500,Large
NWAmes,7,5,1978,1978,2784,1392.0,2.0,250000,XL
NWAmes,6,6,1975,1975,1552,713.0,2.0,179900,Large
NWAmes,7,5,1976,1976,1083,1047.0,2.0,172000,Small
Somerst,7,5,2005,2006,2318,960.0,2.0,294323,XL
NWAmes,6,6,1975,2000,1875,675.0,2.0,184500,XL
NWAmes,5,6,1975,1975,1074,1056.0,2.0,153500,Small
NWAmes,7,5,1976,1976,1664,832.0,2.0,162900,Large
NWAmes,6,6,1974,1999,1309,1040.0,2.0,181000,Medium
NWAmes,6,6,1974,1974,1103,1103.0,2.0,155000,Small
NAmes,5,5,1969,1969,1096,1096.0,1.0,138800,Small
NAmes,4,5,1970,1970,864,864.0,1.0,116050,Small
NAmes,4,4,1971,1971,858,858.0,0.0,88000,Small
NAmes,4,4,1971,1971,874,864.0,2.0,97500,Small
NAmes,6,5,2002,2002,1419,1487.0,2.0,190000,Medium
BrDale,6,5,1973,1973,1092,525.0,2.0,105500,Small
BrDale,5,6,1973,1973,1365,765.0,2.0,125500,Medium
BrDale,6,5,1973,1973,987,483.0,1.0,83000,Small
BrDale,6,7,1972,1972,1030,494.0,1.0,116000,Small
BrDale,6,5,1971,1971,1218,672.0,0.0,91500,Medium
BrDale,6,7,1972,1972,1218,672.0,1.0,118000,Medium
BrDale,6,5,1972,1972,948,483.0,1.0,89000,Small
BrDale,6,5,1972,1972,1092,525.0,1.0,108000,Small
BrDale,6,5,1972,1972,987,483.0,1.0,94500,Small
NPkVill,6,5,1975,1975,1069,1069.0,2.0,146300,Small
NAmes,5,7,1967,1975,1387,943.0,1.0,145000,Medium
NAmes,5,5,1967,1967,900,864.0,1.0,123000,Small
NPkVill,7,7,1976,1976,1055,1055.0,1.0,137500,Small
NPkVill,6,5,1976,1976,1456,855.0,2.0,144000,Large
NridgHt,9,5,2004,2005,1980,1980.0,3.0,315000,XL
NridgHt,9,5,2006,2006,2589,1738.0,3.0,412083,XL
NridgHt,9,5,2006,2006,2596,1249.0,3.0,342643,XL
NridgHt,8,5,2004,2004,1618,1618.0,3.0,252000,Large
NridgHt,10,5,2006,2006,2076,2076.0,3.0,465000,XL
NridgHt,7,5,2006,2006,1740,1721.0,3.0,293000,Large
NridgHt,9,5,2005,2005,1868,1868.0,3.0,415000,XL
NridgHt,9,5,2004,2005,1850,1833.0,3.0,326000,XL
NridgHt,8,5,2005,2006,2376,1158.0,3.0,325300,XL
NridgHt,8,5,2004,2005,2452,1117.0,3.0,309000,XL
NridgHt,9,5,2005,2006,2206,1090.0,3.0,300000,XL
NridgHt,8,5,2005,2005,2098,1030.0,3.0,275500,XL
NridgHt,9,5,2005,2006,2091,1606.0,2.0,338500,XL
NridgHt,9,5,2005,2006,2324,1175.0,3.0,345000,XL
NridgHt,8,5,2005,2006,2253,1209.0,2.0,344133,XL
NridgHt,8,5,2006,2006,2389,1054.0,3.0,298236,XL
NridgHt,8,5,2005,2006,2358,1524.0,3.0,329900,XL
NridgHt,9,5,2003,2004,1944,1896.0,3.0,360000,XL
NridgHt,8,5,2006,2006,1970,1085.0,3.0,281000,XL
NridgHt,9,5,2005,2006,1792,1792.0,3.0,372397,XL
NridgHt,9,5,2004,2005,1780,1780.0,3.0,378000,XL
NridgHt,9,5,2003,2004,1792,1792.0,3.0,374000,XL
NridgHt,9,5,2005,2006,2728,1848.0,3.0,437154,XL
NridgHt,8,5,2005,2005,1904,1058.0,2.0,275000,XL
NridgHt,8,5,2004,2004,1914,1420.0,3.0,279000,XL
NridgHt,7,5,2005,2005,1364,1364.0,2.0,185850,Medium
NridgHt,9,5,2005,2005,1565,1560.0,2.0,282500,Large
NridgHt,7,5,2005,2006,1368,1368.0,2.0,202500,Medium
NridgHt,7,5,2005,2006,1368,1368.0,2.0,202665,Medium
NridgHt,9,5,2006,2006,1686,1686.0,3.0,332200,Large
NridgHt,9,5,2006,2006,1666,1666.0,2.0,310090,Large
NridgHt,7,5,2003,2003,1405,1405.0,2.0,171750,Medium
Gilbert,6,5,2005,2006,1316,1316.0,2.0,169990,Medium
Gilbert,6,5,2005,2006,1456,728.0,2.0,170440,Large
Gilbert,7,5,2006,2006,1492,738.0,2.0,169985,Large
Gilbert,7,5,2006,2006,1496,654.0,2.0,179665,Large
Gilbert,7,5,2006,2006,1863,879.0,3.0,219210,XL
Gilbert,6,5,2006,2006,1326,1326.0,2.0,174190,Medium
Gilbert,6,5,2006,2006,1456,728.0,2.0,172785,Large
Gilbert,8,5,2004,2005,2373,1052.0,3.0,258000,XL
Gilbert,7,5,2006,2006,1492,738.0,2.0,185101,Large
Blmngtn,7,5,2006,2006,1364,1220.0,2.0,210250,Medium
Blmngtn,7,5,2003,2004,1557,1374.0,2.0,234000,Large
Blmngtn,8,5,2003,2003,1456,1273.0,2.0,215000,Large
Blmngtn,7,5,2002,2002,1511,1368.0,2.0,246990,Large
Blmngtn,7,5,2004,2004,1414,1375.0,2.0,178740,Medium
Blmngtn,7,5,2004,2004,1548,1365.0,2.0,225000,Large
Blmngtn,7,5,2005,2006,1248,1248.0,2.0,167240,Medium
Blmngtn,7,5,2005,2006,1142,1142.0,2.0,156820,Medium
Blmngtn,7,5,2005,2005,1506,1362.0,2.0,213490,Large
Blmngtn,8,5,2006,2006,1567,1520.0,3.0,264561,Large
Blmngtn,7,5,2006,2006,1500,1356.0,3.0,246578,Large
Gilbert,5,5,2005,2005,1838,732.0,2.0,192140,XL
Gilbert,6,5,2002,2003,1509,783.0,2.0,183200,Large
Gilbert,8,5,2004,2004,1414,707.0,2.0,178000,Medium
Gilbert,7,5,2004,2005,1598,848.0,2.0,201490,Large
Gilbert,8,5,2000,2000,1936,1406.0,2.0,230500,XL
Gilbert,7,5,2003,2003,1509,783.0,2.0,180000,Large
Gilbert,6,5,2000,2000,1664,953.0,2.0,172400,Large
Gilbert,6,5,2000,2000,1889,982.0,2.0,215000,XL
Gilbert,7,5,1998,1999,1886,930.0,2.0,199900,XL
Gilbert,6,5,2000,2000,1671,959.0,2.0,173000,Large
Gilbert,7,5,2006,2006,2322,1035.0,3.0,287602,XL
Gilbert,7,5,1999,1999,2291,975.0,2.0,230000,XL
NoRidge,8,5,1997,1998,2392,1396.0,3.0,348000,XL
NoRidge,8,5,1998,1998,1976,1044.0,3.0,286000,XL
NoRidge,8,5,2000,2000,2234,1160.0,3.0,300000,XL
NoRidge,10,5,1995,1996,3627,1930.0,3.0,625000,XL
NoRidge,9,5,2000,2000,2855,1540.0,3.0,405000,XL
NoRidge,8,5,1998,1998,1924,1086.0,2.0,280000,XL
NoRidge,8,5,1998,1998,2263,1141.0,2.0,258000,XL
NoRidge,8,5,1995,1995,2726,1342.0,3.0,350000,XL
NoRidge,9,5,1993,1994,3500,1733.0,3.0,584500,XL
NoRidge,8,5,1994,1995,2494,1290.0,3.0,321000,XL
NoRidge,8,5,1994,1994,2526,1165.0,3.0,290000,XL
NoRidge,8,5,1993,1993,2799,1286.0,3.0,315000,XL
Somerst,8,5,2005,2006,1964,1100.0,2.0,252000,XL
Somerst,8,5,2006,2006,1670,1670.0,3.0,336820,Large
Somerst,8,5,2005,2006,2097,2077.0,3.0,423000,XL
Somerst,8,5,2006,2006,1660,1660.0,2.0,290000,Large
Somerst,7,5,2005,2005,1616,1616.0,3.0,232000,Large
Somerst,8,5,2006,2006,1504,1504.0,2.0,199000,Large
Somerst,8,5,2006,2006,1278,1278.0,2.0,198600,Medium
Somerst,9,5,2006,2006,2640,2036.0,3.0,405749,XL
Somerst,8,5,2006,2006,1489,1489.0,2.0,232600,Large
Somerst,8,5,2006,2006,1939,1095.0,3.0,266000,XL
Somerst,7,5,2005,2006,1553,756.0,2.0,186500,Large
Somerst,6,5,2005,2005,1716,858.0,2.0,200825,Large
Somerst,7,5,2006,2006,1576,770.0,2.0,197000,Large
Somerst,6,5,2006,2006,1262,1262.0,2.0,185000,Medium
Somerst,7,5,2005,2005,1266,1257.0,2.0,176000,Medium
Somerst,7,5,2006,2006,1301,1293.0,2.0,187750,Medium
SawyerW,6,5,2005,2005,1142,1142.0,0.0,139500,Medium
SawyerW,7,5,2005,2006,1400,1400.0,2.0,186800,Medium
SawyerW,6,5,2005,2006,1131,1131.0,0.0,132000,Medium
SawyerW,6,5,2005,2005,1141,1141.0,2.0,142500,Medium
SawyerW,6,5,2004,2004,1158,1158.0,2.0,158000,Medium
SawyerW,7,5,2005,2005,1686,891.0,2.0,184000,Large
SawyerW,7,5,2005,2005,1585,784.0,2.0,184900,Large
SawyerW,6,5,1997,1998,1837,941.0,2.0,187000,XL
SawyerW,6,5,1992,1992,1603,761.0,2.0,175900,Large
SawyerW,6,5,1992,1993,1731,836.0,2.0,248500,Large
SawyerW,6,5,1990,1991,1398,1398.0,2.0,172000,Medium
SawyerW,6,5,1991,1991,1217,1217.0,2.0,151000,Medium
SawyerW,6,5,1994,1994,1320,636.0,2.0,150000,Medium
SawyerW,4,4,1966,1966,1056,1056.0,1.0,107000,Small
SawyerW,5,5,1965,1965,965,828.0,1.0,119900,Small
Sawyer,5,4,1962,1962,988,988.0,2.0,129500,Small
Sawyer,5,5,1963,1963,1728,1728.0,2.0,125000,Large
Sawyer,6,6,1977,1977,1654,0.0,2.0,119500,Large
Sawyer,5,6,1962,2002,1211,864.0,2.0,144000,Medium
Sawyer,6,7,1977,1995,1212,506.0,2.0,151000,Medium
Sawyer,5,5,1965,1965,984,984.0,1.0,126000,Small
Sawyer,5,6,1968,1968,909,882.0,1.0,116000,Small
Sawyer,5,6,1963,1963,925,925.0,2.0,133500,Small
Sawyer,5,6,1965,1965,1024,1024.0,1.0,120875,Small
Sawyer,5,6,1965,1965,935,935.0,1.0,137000,Small
Sawyer,5,6,1964,1964,912,912.0,0.0,124000,Small
Sawyer,5,7,1961,1994,1236,912.0,1.0,135000,Medium
Sawyer,5,6,1967,1967,941,912.0,1.0,129200,Small
Veenker,7,4,1974,1974,2646,1748.0,2.0,260000,XL
NoRidge,8,5,1991,1992,2417,1288.0,2.0,260000,XL
NoRidge,8,5,1992,1993,2826,1334.0,3.0,334000,XL
NoRidge,8,7,1993,1993,2520,1338.0,3.0,310000,XL
NoRidge,7,5,1992,2000,2295,1095.0,2.0,268000,XL
NoRidge,8,5,1994,1995,1624,1624.0,3.0,262000,Large
Somerst,7,5,2004,2004,1143,1143.0,2.0,176400,Medium
Somerst,8,5,2005,2005,1247,1247.0,2.0,197000,Medium
Somerst,7,5,2005,2005,1200,600.0,2.0,151000,Medium
Somerst,7,5,2005,2005,1223,600.0,2.0,147400,Medium
Somerst,7,5,2005,2005,1223,600.0,2.0,149900,Medium
Somerst,7,5,2005,2005,1200,600.0,2.0,144152,Medium
Somerst,6,5,2000,2000,1524,756.0,2.0,166000,Large
Somerst,7,5,1999,1999,1452,691.0,2.0,183900,Large
Somerst,7,5,2000,2000,1382,673.0,2.0,165000,Medium
Somerst,7,5,2003,2003,1080,530.0,2.0,139000,Small
Somerst,7,5,1997,1998,1694,569.0,1.0,200000,Large
Somerst,8,5,2001,2002,1568,1568.0,2.0,221000,Large
Veenker,8,5,1995,1996,1494,1494.0,2.0,270000,Large
Veenker,6,6,1977,1977,1208,1208.0,2.0,165000,Medium
Greens,8,5,1980,1980,1235,1235.0,2.0,214000,Medium
Greens,8,5,1980,1980,1036,1036.0,2.0,188000,Small
Greens,8,5,1980,1980,1226,1226.0,2.0,190000,Medium
Greens,8,5,1978,1978,1226,1226.0,2.0,170000,Medium
Veenker,9,5,1981,1987,1842,1842.0,3.0,385000,XL
NWAmes,5,6,1972,1972,1193,1153.0,2.0,146500,Medium
NWAmes,7,6,1968,1992,1920,570.0,2.0,170000,XL
NWAmes,7,7,1968,2003,2156,1568.0,2.0,262500,XL
NWAmes,6,6,1968,1968,1416,708.0,2.0,179900,Medium
NWAmes,6,7,1968,1984,2654,1054.0,2.0,250000,XL
NWAmes,6,5,1972,1972,1790,732.0,2.0,165150,XL
NWAmes,7,6,1967,1967,1334,1334.0,2.0,164500,Medium
NWAmes,7,5,1969,1969,1164,1164.0,2.0,140000,Medium
NAmes,5,5,1967,1967,980,980.0,1.0,135500,Small
NAmes,5,5,1968,1968,1051,1051.0,2.0,142000,Small
NAmes,5,5,1968,1968,1770,900.0,2.0,155000,XL
NAmes,6,7,1968,2004,976,976.0,2.0,157500,Small
NAmes,5,5,1968,1968,1052,1052.0,1.0,138500,Small
NAmes,5,6,1968,1968,898,833.0,1.0,140000,Small
NAmes,5,5,1966,1966,1051,1051.0,1.0,124400,Small
NAmes,5,7,1967,1967,1141,1141.0,1.0,158000,Medium
NAmes,5,8,1965,1998,1200,864.0,2.0,146000,Medium
NWAmes,6,5,1971,1971,1993,825.0,2.0,190000,XL
NAmes,5,6,1961,1961,1050,1050.0,1.0,136500,Small
NAmes,5,5,1958,1958,864,864.0,2.0,129900,Small
NAmes,5,5,1959,2005,1712,1626.0,2.0,145000,Large
NAmes,6,7,1965,2000,1565,1187.0,1.0,185900,Large
NAmes,6,6,1964,1964,1251,1251.0,1.0,160000,Medium
NAmes,6,6,1964,1964,1488,1008.0,2.0,167000,Large
NAmes,5,6,1964,1964,1440,720.0,2.0,157500,Medium
NAmes,6,5,1958,1958,1095,588.0,1.0,140000,Small
NAmes,5,7,1958,1991,1053,1008.0,2.0,150000,Small
NAmes,5,7,1960,1960,1248,1248.0,1.0,151500,Medium
NAmes,6,8,1934,1950,816,816.0,1.0,129800,Small
NAmes,5,6,1954,1954,1008,1008.0,1.0,137000,Small
NAmes,5,7,1947,1950,1043,938.0,1.0,137000,Small
BrkSide,4,7,1946,1950,1230,747.0,1.0,121600,Medium
BrkSide,4,7,1923,1958,869,440.0,0.0,85500,Small
BrkSide,4,5,1926,1953,747,600.0,2.0,79900,Small
BrkSide,5,8,1908,1991,1252,504.0,2.0,127000,Medium
NAmes,5,6,1961,1990,1433,1251.0,2.0,161000,Medium
NAmes,5,6,1952,1952,1624,1444.0,1.0,146500,Large
NAmes,5,5,1951,1951,1216,1056.0,1.0,135000,Medium
NAmes,5,3,1951,1951,2136,2136.0,2.0,137900,XL
NAmes,6,7,1941,1950,1578,806.0,1.0,133000,Large
NAmes,5,6,1949,1973,1728,704.0,1.0,137000,Large
NAmes,5,6,1954,1975,936,936.0,1.0,121000,Small
NAmes,5,5,1967,1967,1584,1584.0,2.0,119000,Large
NAmes,6,5,1964,1964,1246,1246.0,2.0,172000,Medium
NAmes,5,3,1961,1961,1235,1235.0,2.0,98600,Medium
NAmes,7,6,1966,1966,2157,924.0,2.0,226000,XL
NAmes,5,5,1954,1954,1128,936.0,1.0,118000,Medium
NAmes,8,4,1918,1990,3112,1360.0,2.0,235000,XL
NAmes,6,7,1963,1963,1008,1008.0,2.0,135000,Small
NAmes,5,6,1962,1962,1190,1106.0,2.0,132500,Medium
NAmes,5,6,1959,1959,1144,1144.0,1.0,143000,Medium
NAmes,5,5,1957,1957,1364,1179.0,1.0,132000,Medium
NAmes,6,5,1960,1960,1383,1383.0,1.0,145250,Medium
NAmes,6,6,1958,1958,1336,1121.0,2.0,162000,Medium
NAmes,5,6,1956,1956,1370,1058.0,1.0,148000,Medium
NAmes,5,5,1957,1957,1092,1092.0,1.0,141000,Small
NAmes,6,6,1956,1994,1124,1124.0,1.0,153000,Small
NAmes,5,6,1957,1996,1236,1070.0,1.0,134450,Medium
NAmes,5,5,1979,1979,943,943.0,2.0,135960,Small
NAmes,6,8,1954,2000,1050,1050.0,1.0,156000,Small
NAmes,6,5,1954,1954,1375,1367.0,2.0,140000,Medium
NAmes,5,6,1952,2003,1008,1008.0,1.0,139500,Small
NAmes,6,6,1951,1951,1575,216.0,2.0,155000,Large
NAmes,5,7,1956,1956,1145,301.0,2.0,127000,Medium
NAmes,5,5,1956,1956,1005,1005.0,1.0,133500,Small
NAmes,5,6,1955,1955,1056,1056.0,1.0,125000,Small
NAmes,5,6,1951,1991,884,884.0,1.0,142000,Small
NAmes,7,5,1941,1963,2039,929.0,3.0,167000,XL
NAmes,5,5,1956,2001,1384,1015.0,2.0,159000,Medium
OldTown,5,5,1925,1975,2640,2171.0,3.0,180000,XL
NAmes,6,6,1947,1950,1312,784.0,2.0,127000,Medium
OldTown,6,6,1924,1950,1310,617.0,1.0,112000,Medium
OldTown,3,8,1930,2001,713,713.0,1.0,99800,Small
OldTown,5,7,1954,2000,833,833.0,1.0,117000,Small
OldTown,5,6,1921,1968,1073,1073.0,1.0,108480,Small
NAmes,3,3,1929,1950,715,715.0,2.0,68000,Small
OldTown,4,8,1900,1998,720,448.0,1.0,86900,Small
OldTown,5,6,1920,1950,1130,1120.0,2.0,120000,Medium
OldTown,6,8,1915,1950,1595,663.0,2.0,155500,Large
OldTown,4,4,1910,1950,1760,1077.0,2.0,80000,XL
OldTown,3,4,1915,1950,1214,672.0,3.0,105000,Medium
OldTown,5,4,1900,1970,2414,954.0,2.0,160000,XL
OldTown,5,8,1936,1989,1466,796.0,2.0,170000,Large
NAmes,6,5,1965,1965,1324,1088.0,2.0,160000,Medium
NAmes,5,5,1966,1966,1086,1024.0,2.0,159950,Small
NAmes,6,5,1963,1963,1146,1083.0,1.0,165000,Medium
NAmes,6,7,1962,1981,1734,912.0,2.0,159000,Large
NAmes,6,5,1962,1985,1207,1135.0,1.0,147000,Medium
NAmes,5,5,1964,1964,912,912.0,1.0,115000,Small
NAmes,6,6,1959,1959,1194,655.0,2.0,159500,Medium
NAmes,6,6,1959,1959,864,864.0,1.0,120000,Small
NAmes,5,7,1957,1957,816,816.0,1.0,129900,Small
NAmes,6,6,1961,1992,1773,1313.0,2.0,183000,XL
NAmes,7,5,1959,1959,1472,0.0,2.0,157500,Large
NAmes,7,8,1962,1998,2448,1438.0,2.0,277500,XL
NAmes,5,6,1957,1997,1600,1484.0,1.0,207500,Large
NAmes,4,6,1950,1950,1521,910.0,1.0,147500,Large
NAmes,4,4,1949,1950,1192,720.0,0.0,135000,Medium
NAmes,5,7,1950,1950,1040,0.0,2.0,109500,Small
NAmes,4,5,1950,1950,1040,0.0,2.0,109900,Small
NAmes,5,5,1959,1959,1040,1040.0,1.0,133700,Small
NAmes,3,4,1950,1950,1040,0.0,2.0,81400,Small
NAmes,3,4,1949,1950,1040,0.0,2.0,87500,Small
NAmes,3,4,1950,1950,1040,0.0,2.0,93500,Small
NAmes,5,5,1960,1960,1556,1556.0,0.0,119000,Large
NAmes,5,6,1959,1959,1150,1150.0,1.0,141000,Medium
NAmes,5,4,1961,1961,1150,1150.0,1.0,146000,Medium
NAmes,6,5,1966,1966,1348,660.0,2.0,155000,Medium
NAmes,5,5,1962,1962,999,925.0,1.0,134500,Small
NAmes,7,6,1962,1962,1045,1045.0,2.0,120000,Small
NAmes,5,6,1962,1962,864,864.0,1.0,105000,Small
NAmes,5,5,1962,1962,1025,1025.0,0.0,124000,Small
OldTown,5,8,1900,2005,2014,716.0,2.0,169000,XL
OldTown,4,4,1925,1950,1328,686.0,1.0,107000,Medium
OldTown,5,6,1948,1950,1668,1212.0,1.0,135000,Large
OldTown,4,6,1920,1980,1657,1147.0,1.0,111500,Large
OldTown,6,8,1900,2004,1416,780.0,2.0,156500,Medium
OldTown,7,7,1925,1990,1641,728.0,2.0,178000,Large
OldTown,7,7,1900,1970,1428,712.0,2.0,139900,Medium
OldTown,7,8,1930,1950,1004,502.0,1.0,105000,Small
OldTown,6,8,1930,2005,813,813.0,1.0,110000,Small
OldTown,4,6,1900,1950,1951,938.0,2.0,111500,XL
OldTown,6,5,1924,1950,1032,1032.0,1.0,108000,Small
OldTown,5,7,1925,1950,844,844.0,1.0,111500,Small
OldTown,5,6,1880,1991,1750,636.0,1.0,124000,XL
OldTown,4,5,1950,1950,864,576.0,1.0,105000,Small
OldTown,6,8,1920,1950,1118,648.0,2.0,116000,Small
OldTown,3,5,1905,1950,1376,738.0,1.0,96900,Medium
OldTown,5,7,1955,1955,960,960.0,2.0,135500,Small
OldTown,5,7,1924,1950,1566,816.0,2.0,139000,Large
OldTown,3,5,1921,1950,492,492.0,1.0,61500,Small
OldTown,6,7,1945,1950,1182,770.0,1.0,120000,Medium
OldTown,3,8,1955,2005,1163,1162.0,1.0,126175,Medium
OldTown,3,4,1920,1950,840,798.0,1.0,64000,Small
OldTown,6,8,1910,1950,1928,1020.0,1.0,137000,XL
OldTown,4,2,1900,1950,1774,1095.0,3.0,87000,XL
OldTown,7,7,1914,1970,1768,880.0,2.0,163000,XL
OldTown,7,6,1910,2005,2104,1226.0,2.0,155000,XL
OldTown,5,4,1900,1950,1440,540.0,1.0,79000,Medium
OldTown,7,6,1916,1950,1690,815.0,1.0,144000,Large
OldTown,6,7,1910,1993,1368,684.0,1.0,114504,Medium
OldTown,7,7,1920,1950,1762,596.0,2.0,157000,XL
OldTown,6,5,1923,1950,1200,1200.0,1.0,125000,Medium
OldTown,10,9,1892,1993,3608,1107.0,3.0,475000,XL
OldTown,5,7,1920,1950,1248,624.0,0.0,93500,Medium
OldTown,5,5,1958,1958,960,960.0,2.0,125000,Small
IDOTRR,3,3,1918,1950,1020,1020.0,0.0,64500,Small
BrkSide,4,5,1941,1950,788,788.0,0.0,100000,Small
BrkSide,6,5,1939,1950,1577,972.0,1.0,140200,Large
BrkSide,6,7,1924,1996,1827,848.0,1.0,202500,XL
BrkSide,6,7,1947,1950,1664,1004.0,2.0,159000,Large
OldTown,5,7,1939,1950,1118,793.0,2.0,119900,Small
BrkSide,6,6,1934,1950,1176,816.0,2.0,114500,Medium
BrkSide,5,4,1936,1950,1344,896.0,1.0,115000,Medium
BrkSide,3,5,1930,1950,1162,728.0,1.0,75000,Medium
BrkSide,5,7,1925,1950,1015,768.0,1.0,88000,Small
BrkSide,4,5,1947,1950,912,0.0,0.0,80500,Small
BrkSide,5,6,1928,1950,1576,1042.0,1.0,149000,Large
BrkSide,5,7,1930,1984,1324,741.0,1.0,110000,Medium
OldTown,6,6,1925,1980,1103,1103.0,2.0,110500,Small
BrkSide,5,7,1921,1950,616,616.0,1.0,89000,Small
BrkSide,5,6,1922,1950,1048,993.0,1.0,113000,Small
BrkSide,5,5,1925,1950,816,816.0,1.0,109000,Small
OldTown,6,5,1962,1962,2486,1595.0,2.0,220000,XL
BrkSide,4,5,1970,1970,960,960.0,2.0,129000,Small
OldTown,6,8,1910,2003,1635,485.0,1.0,117000,Large
OldTown,4,4,1941,1950,693,693.0,0.0,52500,Small
IDOTRR,4,5,1924,1950,1430,596.0,2.0,107000,Medium
IDOTRR,5,8,1910,2004,1330,396.0,1.0,116500,Medium
IDOTRR,5,4,1919,1950,819,610.0,0.0,72000,Small
IDOTRR,6,6,1937,1950,1376,780.0,1.0,119500,Medium
IDOTRR,5,6,1938,1995,1360,803.0,1.0,125500,Medium
IDOTRR,3,4,1922,1950,1077,1007.0,1.0,91000,Small
IDOTRR,6,8,1935,1982,754,520.0,0.0,84500,Small
IDOTRR,6,6,1930,1950,984,984.0,1.0,90000,Small
Sawyer,5,5,1951,1951,1422,806.0,1.0,137500,Medium
Sawyer,6,5,1964,1964,1921,1921.0,2.0,150000,XL
Sawyer,5,5,1950,1950,1640,0.0,2.0,131000,Large
ClearCr,5,4,1958,1958,1352,1062.0,1.0,130000,Medium
Edwards,5,7,1935,1950,1032,0.0,1.0,125000,Small
SWISU,5,3,1936,1950,879,830.0,1.0,80000,Small
SWISU,7,5,2004,2004,1073,1073.0,1.0,157000,Small
Sawyer,4,5,1963,1979,1382,1051.0,2.0,148000,Medium
Sawyer,4,5,1967,1967,1296,0.0,2.0,90000,Medium
Sawyer,6,8,1963,2003,1068,1059.0,1.0,154500,Small
Sawyer,5,6,1967,1967,1064,1064.0,2.0,153600,Small
Sawyer,5,6,1966,1966,1320,1164.0,2.0,164500,Medium
Sawyer,6,7,1964,1964,934,912.0,1.0,132000,Small
Sawyer,5,6,1966,1966,1059,1059.0,1.0,142500,Small
Sawyer,5,5,1968,1968,1159,1051.0,1.0,158000,Medium
Sawyer,6,7,1978,1978,1400,672.0,2.0,149500,Medium
Sawyer,5,5,1967,1967,1458,1176.0,2.0,165000,Large
Sawyer,5,6,1968,1993,1721,1461.0,2.0,180000,Large
Sawyer,6,6,1978,1978,1040,960.0,2.0,160500,Small
Sawyer,5,4,1977,1977,1967,1967.0,2.0,156500,XL
Sawyer,5,4,1977,1977,1949,1949.0,2.0,157000,XL
Sawyer,5,5,1958,1958,1920,1052.0,2.0,172500,XL
Sawyer,5,4,1957,2000,1803,1134.0,2.0,155000,XL
Sawyer,5,4,1955,1974,1779,1763.0,2.0,170000,XL
Sawyer,5,5,1924,1950,872,872.0,1.0,105000,Small
Sawyer,4,9,1965,2001,960,648.0,1.0,145000,Small
Sawyer,5,6,1956,1987,1437,1188.0,2.0,168000,Medium
ClearCr,7,6,1967,1967,1830,1865.0,2.0,278000,XL
ClearCr,5,6,1963,1963,1000,1000.0,2.0,164000,Small
ClearCr,7,4,1953,1953,2287,1304.0,2.0,225000,XL
Sawyer,5,7,1971,1972,810,782.0,2.0,130000,Small
Sawyer,5,5,1974,1974,894,864.0,2.0,142500,Small
ClearCr,7,5,1980,1981,1700,430.0,1.0,148400,Large
ClearCr,7,5,1986,1986,1453,1453.0,2.0,190000,Large
Edwards,4,5,1954,1954,1350,967.0,2.0,146000,Medium
Edwards,5,5,1942,1950,1150,799.0,1.0,128000,Medium
Edwards,5,8,1948,2002,2008,896.0,1.0,225000,XL
Edwards,6,7,1966,1966,2201,697.0,2.0,274970,XL
Edwards,6,7,1928,1950,2009,672.0,3.0,235000,XL
Edwards,6,8,1935,1990,3672,1836.0,2.0,415000,XL
Edwards,5,5,1962,1962,1560,1776.0,2.0,182000,Large
Edwards,5,6,1952,2002,1488,0.0,2.0,135000,Large
Edwards,5,8,1955,1999,1057,1057.0,1.0,137000,Small
Edwards,6,4,1954,1972,1855,994.0,1.0,136900,XL
Edwards,6,5,1953,1953,1609,1000.0,1.0,149900,Large
Edwards,5,7,1952,1952,1148,980.0,1.0,123500,Medium
Edwards,5,5,1954,1954,1124,0.0,0.0,93000,Small
Edwards,5,3,1948,1950,1456,810.0,1.0,91500,Large
SawyerW,6,5,1985,1985,1298,1298.0,2.0,180000,Medium
SawyerW,6,4,1989,1989,2559,868.0,2.0,209000,XL
SawyerW,8,5,1993,1994,1911,777.0,2.0,215000,XL
SawyerW,6,8,1993,1993,1440,1344.0,4.0,224500,Medium
CollgCr,7,5,2005,2006,1876,1308.0,3.0,229800,XL
CollgCr,7,5,2005,2005,1208,1208.0,2.0,183600,Medium
CollgCr,7,5,2006,2006,1220,1199.0,2.0,194000,Medium
CollgCr,7,5,2006,2006,1294,1286.0,2.0,193879,Medium
CollgCr,7,5,2005,2006,1614,1614.0,3.0,221500,Large
CollgCr,7,5,2006,2006,1498,1498.0,2.0,204900,Large
CollgCr,7,5,2006,2006,1962,1391.0,3.0,239799,XL
CollgCr,6,5,2006,2006,1846,1836.0,2.0,233555,XL
CollgCr,7,5,2005,2005,1734,1734.0,2.0,260000,Large
CollgCr,8,5,2005,2006,1590,1570.0,3.0,294900,Large
CollgCr,7,5,2005,2006,1809,945.0,2.0,209700,XL
CollgCr,7,5,2005,2005,1614,1614.0,2.0,225000,Large
CollgCr,7,5,2005,2005,1596,784.0,2.0,181000,Large
SawyerW,8,5,1992,1992,1915,908.0,2.0,220000,XL
ClearCr,5,5,1964,1964,1582,1624.0,2.0,190000,Large
ClearCr,6,5,1969,1969,988,938.0,2.0,180000,Small
ClearCr,7,5,1975,1975,1533,1533.0,2.0,280000,Large
ClearCr,6,5,1968,1968,1388,1388.0,2.0,158900,Medium
CollgCr,5,5,1996,1996,914,870.0,2.0,148000,Small
CollgCr,5,6,1996,1996,1100,1100.0,2.0,145000,Small
CollgCr,6,5,1995,1995,1499,781.0,2.0,187000,Large
CollgCr,7,5,1998,1998,1425,1425.0,2.0,193000,Medium
CollgCr,5,5,1995,1995,990,990.0,2.0,156000,Small
CollgCr,7,5,2000,2000,1525,1525.0,2.0,235000,Large
CollgCr,6,5,1997,1997,1494,1479.0,2.0,217000,Large
CollgCr,7,5,1999,1999,1588,1588.0,2.0,214000,Large
CollgCr,7,5,1999,1999,1749,842.0,2.0,196000,XL
CollgCr,7,5,1999,2000,1779,951.0,2.0,217000,XL
CollgCr,7,5,2002,2002,1861,916.0,2.0,200000,XL
CollgCr,7,5,2002,2002,1776,936.0,2.0,192500,XL
CollgCr,7,5,2001,2002,1541,1541.0,3.0,205000,Large
CollgCr,5,5,1976,1976,954,911.0,2.0,132500,Small
CollgCr,6,6,1977,1977,1388,675.0,1.0,157500,Medium
CollgCr,6,6,1978,1978,1282,995.0,3.0,174000,Medium
CollgCr,5,6,1969,1969,971,971.0,1.0,128500,Small
CollgCr,5,7,1972,1972,864,864.0,1.0,128500,Small
CollgCr,5,7,1972,1972,894,894.0,2.0,149900,Small
CollgCr,5,8,1972,1972,864,864.0,1.0,119900,Small
Landmrk,6,5,1993,1994,1320,630.0,2.0,137000,Medium
CollgCr,8,5,2002,2002,1989,1065.0,2.0,255000,XL
CollgCr,7,5,2002,2002,1762,826.0,2.0,222000,XL
CollgCr,6,5,1999,1999,1755,840.0,2.0,214000,XL
CollgCr,8,5,2002,2002,1358,1348.0,2.0,220000,Medium
CollgCr,8,5,2001,2002,1787,1753.0,3.0,275000,XL
CollgCr,7,5,2002,2002,1909,872.0,2.0,197000,XL
CollgCr,7,5,2002,2002,1654,1654.0,3.0,230000,Large
CollgCr,8,5,1999,1999,2214,1090.0,3.0,268500,XL
CollgCr,7,5,1996,1997,2049,1065.0,2.0,210900,XL
CollgCr,7,5,1998,1998,1939,1054.0,3.0,227000,XL
CollgCr,7,5,1995,1996,1995,930.0,2.0,237000,XL
CollgCr,7,6,1998,1998,2097,1108.0,2.0,274300,XL
CollgCr,7,5,2004,2005,1836,1860.0,2.0,216837,XL
CollgCr,6,5,2003,2003,848,848.0,2.0,133000,Small
CollgCr,6,5,2004,2004,848,848.0,2.0,155900,Small
CollgCr,8,5,2006,2006,1919,1079.0,2.0,233230,XL
CollgCr,7,5,2003,2003,1390,1390.0,2.0,207000,Medium
CollgCr,7,5,2004,2005,1948,847.0,2.0,195000,XL
CollgCr,6,5,2003,2003,1700,1682.0,2.0,200000,Large
CollgCr,7,5,2006,2006,1737,851.0,2.0,203160,Large
CollgCr,7,5,2005,2005,1611,784.0,2.0,195800,Large
CollgCr,7,5,2005,2006,1552,1552.0,3.0,212900,Large
CollgCr,7,5,2004,2004,1720,860.0,2.0,196500,Large
CollgCr,7,5,2005,2006,1336,1336.0,2.0,198000,Medium
CollgCr,6,5,2005,2006,1500,750.0,2.0,173900,Large
CollgCr,6,5,2005,2006,1456,728.0,2.0,163990,Large
CollgCr,7,5,2005,2005,1310,1310.0,2.0,164990,Medium
Edwards,4,6,1910,2000,1436,676.0,2.0,98000,Medium
Edwards,5,4,1959,1959,1466,1466.0,2.0,149900,Large
Edwards,4,5,1951,1951,1220,836.0,2.0,102000,Medium
Edwards,6,5,1975,1975,1012,976.0,0.0,127500,Small
Edwards,6,5,1975,1975,980,945.0,0.0,127500,Small
Edwards,5,4,1969,1969,1176,1176.0,1.0,119900,Medium
Edwards,7,5,2003,2004,1724,796.0,2.0,196500,Large
Edwards,6,5,2002,2002,914,914.0,0.0,117250,Small
Edwards,7,5,2003,2005,2314,1150.0,2.0,229000,XL
Edwards,5,5,2005,2005,1072,547.0,2.0,145000,Small
Edwards,6,5,2005,2006,1072,547.0,2.0,140000,Small
Edwards,6,5,2005,2006,1072,547.0,2.0,142500,Small
Edwards,7,5,2004,2004,1709,970.0,2.0,134000,Large
Edwards,7,5,2004,2004,1709,970.0,2.0,130000,Large
Edwards,6,5,2004,2006,1709,970.0,2.0,130000,Large
Edwards,7,5,2004,2004,1709,970.0,2.0,137500,Large
Edwards,7,5,2004,2004,1708,976.0,2.0,130000,Large
Edwards,4,7,1948,1950,936,624.0,1.0,97900,Small
Edwards,6,3,1915,1950,1338,832.0,2.0,92000,Medium
Edwards,4,5,1924,1950,1669,1093.0,1.0,107000,Large
Edwards,5,3,1910,1996,1184,658.0,0.0,81000,Medium
Edwards,5,7,1924,1950,1221,784.0,1.0,104900,Medium
Edwards,5,7,1955,1990,864,864.0,2.0,115000,Small
Edwards,4,4,1954,1968,1482,954.0,2.0,125000,Large
Edwards,5,7,1918,1950,1250,686.0,1.0,116000,Medium
Edwards,4,4,1922,1950,1414,864.0,0.0,83000,Medium
SWISU,4,5,1912,1950,2230,795.0,1.0,118500,XL
Edwards,2,3,1922,1955,498,498.0,1.0,35000,Small
Edwards,4,7,1910,1993,1273,616.0,1.0,121000,Medium
SWISU,5,8,1916,1995,1928,686.0,0.0,160000,XL
SWISU,6,5,1940,2000,1595,940.0,1.0,140000,Large
SWISU,5,5,1938,1950,1551,1058.0,1.0,137000,Large
SWISU,6,6,1945,1950,1340,780.0,1.0,128000,Medium
SWISU,7,8,1926,1997,1479,624.0,1.0,160000,Large
Crawfor,5,5,1914,1950,1784,747.0,1.0,138887,XL
SWISU,6,8,1920,1950,1510,755.0,1.0,149000,Large
SWISU,5,5,1926,1950,1522,1008.0,0.0,102000,Large
Crawfor,7,8,1919,1950,1636,818.0,1.0,167000,Large
Crawfor,7,6,1920,1950,1802,793.0,1.0,200100,XL
SWISU,5,5,1939,1950,1465,992.0,1.0,131000,Large
SWISU,5,4,1941,1950,1288,824.0,1.0,112000,Medium
Crawfor,7,5,1915,1970,1717,756.0,3.0,140000,Large
Crawfor,6,5,1920,1950,1550,817.0,1.0,195000,Large
Crawfor,8,7,1929,1950,1517,792.0,2.0,230000,Large
Crawfor,5,6,1940,1950,1717,901.0,1.0,194000,Large
Crawfor,4,5,1922,1950,1180,700.0,1.0,137500,Medium
Crawfor,7,7,1936,1987,2057,1017.0,1.0,250000,XL
Crawfor,7,7,1929,1950,1671,1022.0,2.0,218000,Large
Crawfor,6,8,1932,1950,2345,952.0,2.0,239000,XL
Crawfor,7,7,1932,1990,1609,637.0,3.0,199500,Large
Crawfor,6,7,1930,1959,1801,697.0,2.0,210000,XL
Crawfor,6,7,1956,2004,1811,1073.0,2.0,230000,XL
Crawfor,5,6,1977,1977,1647,1430.0,2.0,217500,Large
Crawfor,5,7,1950,1963,2315,1168.0,1.0,257000,XL
Crawfor,5,5,1953,1953,1336,1165.0,1.0,157000,Medium
Crawfor,6,5,1969,1969,1844,1844.0,2.0,223000,XL
IDOTRR,5,6,1942,1950,976,976.0,1.0,102000,Small
IDOTRR,6,7,1926,1950,1285,861.0,2.0,145400,Medium
IDOTRR,4,4,1925,1950,672,432.0,0.0,72000,Small
IDOTRR,4,6,1925,1950,641,641.0,1.0,85000,Small
IDOTRR,4,6,1936,1950,951,951.0,1.0,106500,Small
IDOTRR,6,5,1957,1957,1638,967.0,1.0,139000,Large
IDOTRR,4,6,1920,1950,1336,637.0,1.0,108000,Medium
IDOTRR,3,5,1945,1950,729,0.0,0.0,51689,Small
IDOTRR,2,3,1949,1950,480,480.0,1.0,35311,Small
IDOTRR,5,6,1951,1951,1396,660.0,0.0,115000,Medium
IDOTRR,3,5,1916,1950,936,216.0,0.0,78000,Small
Crawfor,8,5,2005,2006,1778,1573.0,2.0,375000,XL
Crawfor,8,5,2004,2005,1646,1594.0,2.0,300000,Large
Mitchel,6,6,1979,1979,1625,1625.0,2.0,242500,Large
Mitchel,6,5,1978,1978,1664,1664.0,2.0,145000,Large
Mitchel,8,5,2001,2001,1491,1491.0,2.0,209000,Large
Mitchel,6,5,1977,1977,1004,975.0,2.0,135000,Small
Mitchel,6,6,1975,1975,1210,1128.0,2.0,148000,Medium
Mitchel,7,5,1988,1989,1959,1907.0,3.0,171000,XL
Timber,7,5,1989,1990,2519,1210.0,2.0,335000,XL
GrnHill,7,5,1986,1986,1295,0.0,1.0,230000,Medium
Timber,6,5,1958,1958,1650,1632.0,2.0,250764,Large
Timber,8,6,1981,1981,1707,1686.0,2.0,228000,Large
Timber,6,6,1987,1987,1137,1112.0,2.0,176000,Medium
Timber,7,5,1990,1990,1339,1309.0,2.0,180000,Medium
Timber,7,5,1990,1991,2514,1216.0,2.0,250000,XL
Timber,6,5,2000,2000,1403,1381.0,2.0,202000,Medium
Timber,8,5,2002,2002,1800,1800.0,3.0,312500,XL
Timber,8,5,2005,2006,1960,1728.0,3.0,320000,XL
Timber,8,5,2005,2006,2028,1868.0,3.0,369900,XL
Timber,9,5,2005,2006,1838,1838.0,3.0,359900,XL
Mitchel,1,3,1951,1951,1600,0.0,1.0,81500,Large
Mitchel,7,5,1997,1997,1368,1288.0,4.0,215000,Medium
Mitchel,6,5,1998,1998,1216,1216.0,2.0,164000,Medium
Mitchel,6,5,1998,1998,1337,1237.0,2.0,153500,Medium
Mitchel,5,5,2006,2006,1140,1140.0,0.0,84500,Medium
MeadowV,5,6,1977,1977,1304,264.0,1.0,104500,Medium
MeadowV,5,6,1977,1977,1475,757.0,1.0,127000,Large
MeadowV,6,4,1973,1973,2521,942.0,2.0,151400,XL
Mitchel,5,7,1968,2003,874,864.0,1.0,126500,Small
Mitchel,5,5,1970,1970,1652,1652.0,3.0,146500,Large
MeadowV,4,6,1970,1970,630,630.0,0.0,73000,Small
MeadowV,4,4,1972,1972,1092,546.0,1.0,79400,Small
Mitchel,5,5,1969,1979,1360,1104.0,1.0,140000,Medium
MeadowV,5,7,1970,1970,630,630.0,0.0,92000,Small
MeadowV,4,5,1970,1970,1092,546.0,1.0,87550,Small
MeadowV,4,5,1970,1970,1092,546.0,0.0,79500,Small
MeadowV,4,7,1970,1970,1092,546.0,0.0,90500,Small
MeadowV,4,5,1970,1970,1092,546.0,1.0,71000,Small
Mitchel,6,5,1976,1976,1728,1728.0,2.0,150900,Large
Mitchel,5,5,1976,1976,1728,1728.0,2.0,188000,Large
Mitchel,5,5,1977,1977,1126,1126.0,2.0,160000,Small
Mitchel,5,7,1960,1996,1224,1224.0,2.0,131000,Medium
Mitchel,6,6,1984,1984,1003,1003.0,2.0,142500,Small
Mitchel,5,5,1983,1983,902,864.0,2.0,131000,Small
Mitchel,5,5,1992,1992,970,912.0,0.0,132000,Small
Mitchel,5,5,1974,1975,1389,1389.0,2.0,170000,Medium
Mitchel,7,5,1993,1994,2000,996.0,3.0,188000,XL
